EmployeeID,Name,Department,Salary,JoiningDate,Location
2814,Bob,HR,112189.04,31/01/2015,New York
2560,Charlie,IT,82284.13,28/02/2015,Tokyo
3019,Emma,Marketing,78825.52,31/03/2015,New York
4933,David,Sales,54198.49,30/04/2015,Tokyo
8333,Bob,Sales,42302.49,31/05/2015,New York
2573,Charlie,IT,39635.39,30/06/2015,New York
4626,Alice,Sales,97744.78,31/07/2015,Tokyo
2206,Alice,Sales,40622.89,31/08/2015,London
6751,Bob,Sales,82725.85,30/09/2015,New York
8374,Emma,Marketing,39916.15,31/10/2015,New York
8901,Bob,Sales,92293.88,30/11/2015,London
9013,Charlie,IT,36849.99,31/12/2015,London
9242,Emma,Marketing,91393.16,31/01/2016,Berlin
7771,David,IT,47753.01,29/02/2016,New York
1061,Charlie,Sales,114511.75,31/03/2016,New York
5472,Charlie,HR,50457.72,30/04/2016,Tokyo
4671,Charlie,Marketing,113013.15,31/05/2016,New York
4825,David,HR,54334.14,30/06/2016,Berlin
4194,Charlie,HR,53695.92,31/07/2016,Berlin
4122,Emma,Sales,37249.95,31/08/2016,Berlin
9306,Alice,IT,96262.02,30/09/2016,London
5125,Emma,HR,86890.36,31/10/2016,New York
8355,Charlie,Sales,88465.96,30/11/2016,New York
9469,Emma,Marketing,91706.85,31/12/2016,New York
4731,Bob,Sales,40984.52,31/01/2017,Berlin
8641,David,Sales,95999.29,28/02/2017,Berlin
8805,Alice,Marketing,110108.15,31/03/2017,London
9253,Alice,Sales,80490.93,30/04/2017,Berlin
4034,Bob,Marketing,102498.24,31/05/2017,Tokyo
9937,Alice,Sales,53128.14,30/06/2017,New York
6733,Alice,Sales,119869.02,31/07/2017,New York
8334,Emma,Sales,49749.94,31/08/2017,New York
4718,Charlie,HR,119244.81,30/09/2017,London
4928,Emma,IT,71154.25,31/10/2017,New York
7008,Bob,Marketing,57302.2,30/11/2017,Tokyo
5686,Charlie,Sales,32497.07,31/12/2017,Tokyo
6245,David,Sales,33305.68,31/01/2018,London
6350,Charlie,Marketing,110282.35,28/02/2018,London
6980,Charlie,IT,68025.84,31/03/2018,New York
9129,Bob,Marketing,119387.46,30/04/2018,London
7156,David,Sales,50923.14,31/05/2018,New York
8422,Bob,HR,34290.88,30/06/2018,Tokyo
1170,Emma,Marketing,76142.92,31/07/2018,London
1612,Bob,HR,33190.14,31/08/2018,New York
8847,Bob,IT,116995.76,30/09/2018,Tokyo
8925,Charlie,Sales,119022.74,31/10/2018,New York
6232,Bob,Sales,79719.79,30/11/2018,Tokyo
4652,Alice,Sales,96174.08,31/12/2018,Berlin
9927,Charlie,Marketing,44776.18,31/01/2019,London
3947,David,HR,35406.99,28/02/2019,Berlin
5897,David,Sales,56798.61,31/03/2019,Berlin
3509,Alice,HR,38658.28,30/04/2019,New York
7573,David,Marketing,56316.84,31/05/2019,London
1645,David,Sales,90015.02,30/06/2019,London
6568,Alice,Marketing,59051.1,31/07/2019,New York
7204,Charlie,HR,52542.59,31/08/2019,London
7006,David,HR,48488.17,30/09/2019,Tokyo
6791,Bob,IT,93207.65,31/10/2019,New York
5914,David,Sales,71292.52,30/11/2019,New York
1638,Emma,HR,38894.7,31/12/2019,Tokyo
1443,Alice,HR,97843.74,31/01/2020,Berlin
4681,Emma,IT,73513.12,29/02/2020,Tokyo
8453,Emma,HR,63845.83,31/03/2020,London
3402,Charlie,Marketing,82509.91,30/04/2020,New York
4101,Emma,Sales,50734.51,31/05/2020,New York
8573,Emma,IT,55607.85,30/06/2020,New York
2498,Charlie,Sales,99133.11,31/07/2020,Tokyo
9519,David,IT,98405.79,31/08/2020,Tokyo
7654,Emma,Marketing,44822.59,30/09/2020,New York
1733,Emma,Marketing,36846.94,31/10/2020,Tokyo
4447,Alice,IT,59871.78,30/11/2020,New York
8765,Emma,HR,86420.86,31/12/2020,London
8001,Emma,IT,97165.01,31/01/2021,New York
3388,David,Marketing,87036.07,28/02/2021,Berlin
8535,Emma,Marketing,89595.57,31/03/2021,Tokyo
4770,David,Sales,107922.66,30/04/2021,Tokyo
4488,Emma,Marketing,69269.33,31/05/2021,Berlin
4510,Charlie,HR,51464.61,30/06/2021,New York
3853,David,Sales,32935.34,31/07/2021,Berlin
6890,Bob,Marketing,40316.62,31/08/2021,New York
4034,David,IT,45904.36,30/09/2021,Tokyo
4893,Bob,Marketing,117639.39,31/10/2021,Tokyo
7710,Bob,HR,103936.84,30/11/2021,Tokyo
6034,Charlie,HR,43944.73,31/12/2021,London
6375,David,Sales,51102.56,31/01/2022,New York
6667,Alice,HR,114730.07,28/02/2022,Berlin
7699,Bob,Marketing,31312.49,31/03/2022,London
6303,Charlie,Marketing,71351.44,30/04/2022,Tokyo
5480,Alice,Marketing,89322.11,31/05/2022,New York
5200,David,Sales,77578.28,30/06/2022,New York
4705,David,Marketing,32095.11,31/07/2022,London
1443,David,Sales,64318.93,31/08/2022,New York
7686,Charlie,Marketing,89744.32,30/09/2022,Tokyo
4039,Emma,Sales,59234.33,31/10/2022,Tokyo
2573,Charlie,HR,57634.78,30/11/2022,New York
5159,Charlie,IT,46910.82,31/12/2022,New York
8965,Bob,HR,35472.52,31/01/2023,New York
4971,Alice,Sales,61862.59,28/02/2023,London
5639,Alice,Sales,107861.74,31/03/2023,New York
6031,Bob,Sales,115434.75,30/04/2023,Tokyo
9128,Alice,Marketing,65423.23,31/05/2023,Tokyo
1363,Emma,HR,47269.93,30/06/2023,London
6089,Emma,Sales,73204.21,31/07/2023,Tokyo
6055,David,HR,36776.4,31/08/2023,London
4377,Charlie,HR,117959.04,30/09/2023,New York
8168,Charlie,HR,40610.26,31/10/2023,New York
3971,Charlie,Sales,57283.94,30/11/2023,New York
6664,Bob,Sales,46344.48,31/12/2023,New York
2674,Alice,HR,54475.93,31/01/2024,Berlin
7072,David,Sales,36122.69,29/02/2024,Berlin
2679,Charlie,HR,99548.43,31/03/2024,New York
1951,David,IT,116649.94,30/04/2024,Berlin
9908,Bob,IT,60531.3,31/05/2024,Tokyo
4105,Bob,Sales,57660.0,30/06/2024,Berlin
4203,David,IT,61615.52,31/07/2024,London
8729,Emma,Marketing,51133.89,31/08/2024,Tokyo
7752,David,Marketing,59596.13,30/09/2024,Tokyo
2496,Emma,Sales,99943.62,31/10/2024,Berlin
7349,Alice,IT,91617.55,30/11/2024,New York
3319,Charlie,HR,40370.62,31/12/2024,London
1225,David,HR,34005.39,31/01/2025,London
4688,Charlie,IT,105089.48,28/02/2025,London
1878,Bob,IT,104758.6,31/03/2025,London
3470,Emma,Marketing,108870.0,30/04/2025,Tokyo
8128,David,Sales,103654.96,31/05/2025,New York
5180,Charlie,HR,61468.37,30/06/2025,London
6567,Charlie,IT,40297.94,31/07/2025,Tokyo
1228,David,HR,84126.21,31/08/2025,New York
7425,Alice,Sales,84829.47,30/09/2025,Tokyo
4260,David,HR,56713.76,31/10/2025,New York
2271,Bob,IT,41937.19,30/11/2025,New York
6022,Bob,HR,31506.07,31/12/2025,Berlin
6147,Alice,Marketing,60460.19,31/01/2026,Berlin
7822,David,Sales,39886.79,28/02/2026,Tokyo
6894,Bob,Marketing,81953.99,31/03/2026,London
7294,David,Marketing,90766.97,30/04/2026,London
2858,David,HR,88180.36,31/05/2026,Berlin
4944,Emma,Sales,65203.56,30/06/2026,London
6304,Emma,Sales,73920.33,31/07/2026,London
3055,Charlie,Sales,96687.28,31/08/2026,Berlin
4145,Bob,IT,108910.9,30/09/2026,New York
1916,Bob,HR,58904.27,31/10/2026,New York
6357,Alice,IT,84846.64,30/11/2026,Tokyo
8352,Emma,Sales,68452.42,31/12/2026,Tokyo
3072,Charlie,IT,108517.92,31/01/2027,Berlin
2774,David,Sales,63929.94,28/02/2027,New York
9230,Emma,HR,72666.76,31/03/2027,Tokyo
2283,David,HR,101419.7,30/04/2027,Tokyo
1478,Alice,Marketing,80679.35,31/05/2027,Tokyo
8684,Charlie,IT,88707.62,30/06/2027,Berlin
1620,Alice,HR,40392.26,31/07/2027,Berlin
4551,Emma,HR,72074.75,31/08/2027,New York
9267,Bob,HR,36620.85,30/09/2027,Berlin
4164,David,Sales,61984.99,31/10/2027,New York
4918,David,HR,55348.4,30/11/2027,Tokyo
4720,Alice,Sales,64449.79,31/12/2027,Berlin
3603,Charlie,Marketing,106778.87,31/01/2028,Tokyo
1677,Emma,Sales,99366.6,29/02/2028,Berlin
6929,David,HR,46935.28,31/03/2028,London
7071,David,IT,87633.28,30/04/2028,Tokyo
3938,David,HR,98266.05,31/05/2028,Berlin
1021,Bob,HR,101730.56,30/06/2028,Tokyo
8617,David,IT,75404.5,31/07/2028,London
2461,Alice,IT,90094.55,31/08/2028,Tokyo
1846,Emma,Sales,105385.26,30/09/2028,London
3762,Bob,HR,66041.76,31/10/2028,Berlin
5812,Bob,HR,58857.03,30/11/2028,Tokyo
2025,Bob,HR,38360.17,31/12/2028,Tokyo
7518,David,Marketing,72807.43,31/01/2029,Tokyo
9970,David,Marketing,86983.21,28/02/2029,Tokyo
3564,Charlie,Sales,112527.51,31/03/2029,London
2198,Bob,HR,35058.69,30/04/2029,Tokyo
2390,Alice,Sales,49861.79,31/05/2029,New York
1194,Bob,HR,87610.88,30/06/2029,Berlin
9467,Emma,Marketing,62507.06,31/07/2029,London
4510,Bob,HR,100656.26,31/08/2029,Berlin
6703,Charlie,Sales,48806.98,30/09/2029,Berlin
7350,Emma,IT,80788.87,31/10/2029,Tokyo
5395,Emma,Sales,43860.79,30/11/2029,Tokyo
5433,Alice,Marketing,54084.06,31/12/2029,New York
7640,Alice,HR,83700.54,31/01/2030,Berlin
7592,Bob,IT,117403.98,28/02/2030,New York
9233,Alice,Sales,108591.91,31/03/2030,Berlin
6310,Charlie,Marketing,75597.24,30/04/2030,Tokyo
1234,Charlie,IT,66513.87,31/05/2030,Tokyo
7292,David,Sales,40613.26,30/06/2030,Tokyo
9672,Alice,IT,48243.7,31/07/2030,London
8198,Emma,Marketing,38660.58,31/08/2030,Tokyo
3325,Alice,Sales,87886.83,30/09/2030,London
6950,Emma,Marketing,37254.36,31/10/2030,London
9556,David,IT,30238.88,30/11/2030,London
4410,Emma,Sales,113611.11,31/12/2030,New York
1350,David,Marketing,56462.35,31/01/2031,New York
3865,David,IT,75295.48,28/02/2031,New York
3351,Alice,HR,82242.69,31/03/2031,London
9320,David,IT,60950.63,30/04/2031,Tokyo
5640,Bob,Marketing,109900.63,31/05/2031,New York
2193,Bob,IT,52900.49,30/06/2031,Berlin
5574,Alice,IT,31660.95,31/07/2031,London
5370,Alice,Marketing,32980.71,31/08/2031,Tokyo
4944,Charlie,HR,73327.42,30/09/2031,London
7469,David,IT,46335.03,31/10/2031,New York
7008,Emma,IT,114490.3,30/11/2031,Tokyo
5647,Alice,IT,81774.6,31/12/2031,Tokyo
1770,Alice,Marketing,101374.42,31/01/2032,London
4234,Emma,Marketing,56891.24,29/02/2032,Berlin
4368,Alice,IT,94756.25,31/03/2032,Berlin
7902,Alice,IT,49819.5,30/04/2032,New York
5402,Emma,IT,50954.98,31/05/2032,London
9371,David,HR,107685.26,30/06/2032,Berlin
3818,Alice,Marketing,107167.86,31/07/2032,London
5740,Alice,HR,56156.21,31/08/2032,New York
5449,Alice,IT,33886.44,30/09/2032,Tokyo
1461,David,HR,114156.51,31/10/2032,Tokyo
6570,Charlie,Marketing,83464.27,30/11/2032,Berlin
9448,Alice,IT,98510.77,31/12/2032,New York
8550,Emma,Marketing,37372.64,31/01/2033,New York
8530,Alice,IT,66407.69,28/02/2033,Tokyo
3382,Emma,Sales,69013.9,31/03/2033,New York
9824,Charlie,IT,30641.64,30/04/2033,Tokyo
1519,Charlie,HR,57780.56,31/05/2033,Tokyo
2244,David,HR,89151.89,30/06/2033,Berlin
2820,Bob,Marketing,92674.99,31/07/2033,Berlin
5578,Bob,HR,72122.05,31/08/2033,Tokyo
8355,Charlie,IT,33985.53,30/09/2033,Berlin
8111,Emma,Sales,36323.92,31/10/2033,Tokyo
4000,Bob,IT,48498.78,30/11/2033,Berlin
1981,Emma,IT,55803.67,31/12/2033,Tokyo
7500,Bob,Marketing,109428.53,31/01/2034,London
7234,David,Marketing,87335.62,28/02/2034,Tokyo
5209,Alice,IT,43821.02,31/03/2034,Berlin
3565,Bob,Sales,92442.83,30/04/2034,Berlin
1707,Emma,Sales,85889.23,31/05/2034,Berlin
6550,Alice,Sales,93111.83,30/06/2034,Tokyo
1595,Alice,Sales,58294.56,31/07/2034,London
9276,David,Marketing,51910.32,31/08/2034,New York
7502,David,HR,67210.84,30/09/2034,Tokyo
9730,Charlie,Marketing,52648.38,31/10/2034,Berlin
3673,Bob,Marketing,112174.77,30/11/2034,Tokyo
6849,Alice,IT,40375.07,31/12/2034,New York
8920,Bob,Marketing,114048.62,31/01/2035,London
3972,Bob,IT,74921.47,28/02/2035,Tokyo
2188,Charlie,HR,69309.11,31/03/2035,Berlin
6213,Bob,HR,71265.93,30/04/2035,Tokyo
2630,David,Sales,89811.73,31/05/2035,New York
4237,Charlie,Marketing,92572.65,30/06/2035,Tokyo
8097,Alice,Sales,95050.35,31/07/2035,Berlin
9605,Emma,Marketing,98235.93,31/08/2035,New York
8827,Emma,HR,34349.34,30/09/2035,Tokyo
1582,Alice,HR,94884.52,31/10/2035,London
9416,David,HR,110180.61,30/11/2035,New York
2737,Charlie,Sales,92506.76,31/12/2035,Berlin
5634,Charlie,Sales,40777.68,31/01/2036,Berlin
9854,David,HR,91488.22,29/02/2036,New York
3371,Bob,IT,104640.24,31/03/2036,Berlin
9940,Emma,Sales,93227.96,30/04/2036,London
7919,Bob,IT,59231.6,31/05/2036,New York
7191,David,Sales,67466.04,30/06/2036,London
9856,Charlie,Sales,46899.21,31/07/2036,New York
6151,David,HR,37136.11,31/08/2036,Tokyo
1409,Charlie,HR,86273.41,30/09/2036,Berlin
7603,Bob,IT,64906.54,31/10/2036,New York
8130,Emma,Marketing,60710.62,30/11/2036,New York
9001,Emma,Sales,63663.83,31/12/2036,Berlin
7666,Bob,HR,93381.04,31/01/2037,London
9098,Emma,Marketing,91904.83,28/02/2037,Tokyo
8677,Charlie,IT,69654.14,31/03/2037,Tokyo
4035,Emma,Marketing,74396.54,30/04/2037,New York
5064,David,HR,85662.87,31/05/2037,Tokyo
5248,Alice,HR,92585.14,30/06/2037,London
7013,Charlie,HR,94850.28,31/07/2037,New York
4556,Emma,HR,116849.79,31/08/2037,New York
9990,Emma,Sales,106666.02,30/09/2037,New York
2551,David,HR,97348.14,31/10/2037,Berlin
4027,Emma,HR,33309.49,30/11/2037,New York
3348,Emma,Marketing,103172.34,31/12/2037,Tokyo
1605,David,Marketing,51281.61,31/01/2038,Tokyo
8128,Charlie,HR,46784.17,28/02/2038,London
6730,David,Marketing,74225.6,31/03/2038,New York
1651,David,Marketing,51907.0,30/04/2038,New York
6888,David,HR,83700.65,31/05/2038,Tokyo
1678,Charlie,Sales,70358.04,30/06/2038,New York
5394,Alice,IT,30334.49,31/07/2038,New York
7251,David,Sales,38720.34,31/08/2038,Tokyo
4503,Charlie,HR,69477.9,30/09/2038,New York
9217,Emma,HR,31712.51,31/10/2038,London
5556,Charlie,IT,107812.9,30/11/2038,London
3470,Bob,Marketing,91201.83,31/12/2038,New York
5972,Alice,Sales,40201.75,31/01/2039,Tokyo
1584,Bob,IT,70660.87,28/02/2039,Berlin
4743,Charlie,Marketing,48236.44,31/03/2039,Berlin
6606,Charlie,Sales,99039.26,30/04/2039,Berlin
8471,Emma,HR,33076.42,31/05/2039,London
8038,Charlie,IT,46076.98,30/06/2039,New York
4152,Bob,Marketing,41560.64,31/07/2039,Berlin
8921,David,IT,71042.96,31/08/2039,Tokyo
5783,Charlie,Sales,106217.77,30/09/2039,Berlin
6888,Emma,Marketing,79232.21,31/10/2039,London
4754,Emma,Marketing,74942.15,30/11/2039,New York
9141,David,HR,59258.07,31/12/2039,London
8025,David,IT,54595.72,31/01/2040,Berlin
1385,Emma,Marketing,98575.65,29/02/2040,Berlin
2618,Bob,Marketing,35670.5,31/03/2040,Tokyo
2592,Emma,Marketing,48310.22,30/04/2040,Tokyo
6779,Charlie,IT,37236.77,31/05/2040,New York
9387,David,Sales,94296.05,30/06/2040,London
8345,David,Sales,103131.82,31/07/2040,London
1884,David,HR,61298.66,31/08/2040,Berlin
5014,Charlie,Sales,114947.83,30/09/2040,Tokyo
9270,Bob,IT,93657.73,31/10/2040,London
7982,Alice,Sales,77024.94,30/11/2040,Berlin
4181,Emma,IT,103684.22,31/12/2040,New York
6905,Bob,Marketing,77670.92,31/01/2041,London
7916,Bob,HR,83644.9,28/02/2041,New York
9528,Charlie,Sales,57747.66,31/03/2041,Berlin
3536,David,HR,84215.15,30/04/2041,London
4637,Bob,HR,79396.38,31/05/2041,London
5209,Charlie,Sales,89192.39,30/06/2041,London
1398,David,HR,82189.41,31/07/2041,New York
4227,Emma,Sales,32916.93,31/08/2041,Berlin
2826,Alice,Sales,59412.18,30/09/2041,New York
2034,Bob,Marketing,87527.32,31/10/2041,London
7227,David,Marketing,52506.28,30/11/2041,London
1792,David,Sales,108549.27,31/12/2041,Berlin
5858,David,Marketing,64446.09,31/01/2042,London
9466,Bob,IT,50215.71,28/02/2042,Tokyo
8348,Bob,Marketing,113900.13,31/03/2042,London
2249,David,HR,105304.6,30/04/2042,Berlin
9637,Emma,IT,84750.76,31/05/2042,Tokyo
6549,Emma,Sales,58771.37,30/06/2042,Berlin
3595,Bob,Sales,98299.81,31/07/2042,Tokyo
8313,Alice,IT,77591.52,31/08/2042,Berlin
5392,Bob,Marketing,58625.01,30/09/2042,New York
6783,David,Sales,34570.06,31/10/2042,New York
6444,David,Sales,59166.25,30/11/2042,New York
3208,Charlie,Sales,118005.28,31/12/2042,Tokyo
4511,David,HR,30064.97,31/01/2043,London
7536,David,IT,110385.56,28/02/2043,Tokyo
6482,Alice,Marketing,46169.45,31/03/2043,New York
6781,Charlie,Sales,74375.5,30/04/2043,London
1375,David,HR,42306.84,31/05/2043,Tokyo
9460,Emma,Marketing,52276.19,30/06/2043,London
9729,David,HR,67923.94,31/07/2043,London
3207,Bob,HR,107202.5,31/08/2043,Tokyo
5228,Alice,Marketing,87015.45,30/09/2043,London
2175,Alice,Sales,49448.68,31/10/2043,London
8880,Charlie,Sales,105999.67,30/11/2043,Berlin
3796,Charlie,Sales,107324.3,31/12/2043,Tokyo
1956,Alice,Marketing,68160.77,31/01/2044,Tokyo
1491,Bob,HR,94822.31,29/02/2044,London
4187,David,Marketing,35988.23,31/03/2044,Berlin
2694,Bob,IT,69297.78,30/04/2044,Berlin
3776,Bob,Sales,50695.72,31/05/2044,New York
7262,Bob,IT,64711.82,30/06/2044,New York
2111,Emma,Sales,116547.82,31/07/2044,London
8051,Bob,Marketing,66624.32,31/08/2044,London
7576,Bob,HR,46058.6,30/09/2044,New York
7959,Alice,Sales,94175.1,31/10/2044,London
8448,Alice,IT,41156.45,30/11/2044,London
6170,Charlie,IT,110214.9,31/12/2044,Berlin
8590,Emma,Sales,38973.81,31/01/2045,New York
5024,Emma,IT,66115.9,28/02/2045,Tokyo
5101,David,Marketing,77902.11,31/03/2045,Berlin
3705,David,HR,102078.68,30/04/2045,London
8354,Charlie,IT,57272.89,31/05/2045,Tokyo
9700,Emma,Sales,102426.7,30/06/2045,London
2816,Alice,Marketing,78048.74,31/07/2045,Berlin
3281,David,Marketing,90594.22,31/08/2045,Tokyo
1218,David,IT,35782.92,30/09/2045,New York
9257,Alice,Sales,106309.25,31/10/2045,Tokyo
3571,Bob,IT,99702.14,30/11/2045,Berlin
5643,Charlie,Marketing,98645.46,31/12/2045,Tokyo
6340,David,Sales,34756.11,31/01/2046,Tokyo
8882,Bob,Marketing,108403.84,28/02/2046,New York
6839,David,IT,70798.48,31/03/2046,Berlin
9743,Emma,HR,56110.86,30/04/2046,New York
1480,David,Marketing,101957.14,31/05/2046,London
8672,Alice,Marketing,70269.42,30/06/2046,London
3430,Charlie,Sales,36368.64,31/07/2046,Berlin
9169,Emma,IT,102575.0,31/08/2046,Tokyo
5310,Emma,Marketing,110899.38,30/09/2046,Berlin
3613,Bob,Sales,68689.66,31/10/2046,New York
3966,Alice,Sales,118296.22,30/11/2046,London
1463,Bob,IT,114687.89,31/12/2046,Berlin
3550,Bob,Sales,118596.41,31/01/2047,London
1033,Charlie,IT,58117.55,28/02/2047,New York
8814,Emma,HR,105017.55,31/03/2047,London
9440,Bob,Marketing,34254.12,30/04/2047,Berlin
2528,Emma,Sales,86969.72,31/05/2047,Tokyo
3584,Emma,HR,79686.73,30/06/2047,London
2779,Bob,HR,41832.63,31/07/2047,London
9313,Charlie,IT,77443.44,31/08/2047,New York
5820,Emma,HR,72372.37,30/09/2047,Tokyo
1833,Bob,Marketing,72389.19,31/10/2047,Berlin
2505,Emma,IT,57115.78,30/11/2047,Tokyo
5809,Alice,Sales,110402.94,31/12/2047,London
3655,Charlie,Marketing,67088.79,31/01/2048,Berlin
7377,Alice,Marketing,91918.97,29/02/2048,London
7576,Charlie,Sales,77275.77,31/03/2048,Berlin
7364,Bob,IT,68339.78,30/04/2048,Tokyo
1713,Emma,IT,46938.3,31/05/2048,Tokyo
1625,David,IT,91141.98,30/06/2048,Tokyo
9413,Emma,Marketing,96830.6,31/07/2048,London
2902,Charlie,Sales,76263.59,31/08/2048,Berlin
1075,Alice,IT,100169.88,30/09/2048,New York
4907,Charlie,Sales,36893.37,31/10/2048,London
3302,Alice,HR,68184.4,30/11/2048,Tokyo
3658,Charlie,Marketing,99986.03,31/12/2048,Berlin
8776,Charlie,Sales,115221.32,31/01/2049,London
5055,David,HR,90794.3,28/02/2049,London
5661,David,IT,49302.41,31/03/2049,London
5735,David,IT,93999.96,30/04/2049,Berlin
5743,Emma,Marketing,35355.64,31/05/2049,Tokyo
5589,Charlie,HR,42278.73,30/06/2049,Tokyo
5150,David,Sales,100468.95,31/07/2049,London
9113,Alice,Sales,116449.29,31/08/2049,Berlin
8180,Charlie,HR,70560.45,30/09/2049,Berlin
6280,David,Sales,64033.95,31/10/2049,Tokyo
7566,Charlie,Sales,37078.8,30/11/2049,London
7662,David,HR,49971.47,31/12/2049,Berlin
2993,David,HR,31158.52,31/01/2050,Tokyo
4597,David,Marketing,82428.53,28/02/2050,London
7929,Bob,IT,35702.54,31/03/2050,London
8564,David,HR,61882.47,30/04/2050,London
7117,Alice,IT,81549.81,31/05/2050,New York
5125,Bob,IT,76952.37,30/06/2050,Berlin
3490,Emma,Sales,55069.7,31/07/2050,Tokyo
6415,Emma,Sales,38182.21,31/08/2050,Tokyo
7711,Alice,IT,90153.85,30/09/2050,Berlin
8233,Charlie,HR,103031.03,31/10/2050,London
6616,Alice,Marketing,30777.77,30/11/2050,New York
3315,Charlie,Sales,94909.74,31/12/2050,New York
8010,Charlie,IT,53817.88,31/01/2051,London
1584,Charlie,Sales,75855.39,28/02/2051,London
6720,Alice,HR,86900.83,31/03/2051,Tokyo
1174,David,Sales,54294.62,30/04/2051,Tokyo
9647,Alice,HR,64145.24,31/05/2051,New York
3452,David,Marketing,108703.9,30/06/2051,Berlin
1695,Bob,HR,63266.32,31/07/2051,London
8020,Emma,Marketing,112620.2,31/08/2051,Tokyo
9885,Bob,Marketing,83084.16,30/09/2051,London
5759,Alice,HR,68093.44,31/10/2051,New York
4058,Bob,IT,42287.3,30/11/2051,Tokyo
4529,Charlie,HR,118641.21,31/12/2051,New York
7570,Emma,Sales,118504.82,31/01/2052,London
7805,Alice,Sales,64339.34,29/02/2052,New York
4552,Emma,Marketing,64839.32,31/03/2052,London
1735,Alice,IT,77954.58,30/04/2052,New York
5863,Bob,Marketing,62361.69,31/05/2052,New York
5220,Bob,HR,42431.47,30/06/2052,Berlin
4999,Emma,HR,36156.26,31/07/2052,Berlin
1039,David,IT,94611.97,31/08/2052,Berlin
6032,Bob,Marketing,113227.36,30/09/2052,New York
5361,Charlie,Marketing,61146.96,31/10/2052,New York
6231,Emma,HR,108642.88,30/11/2052,Tokyo
4087,Bob,Marketing,116619.92,31/12/2052,Berlin
8711,David,IT,96716.03,31/01/2053,Berlin
3082,Bob,IT,95572.18,28/02/2053,Tokyo
3533,Alice,HR,69658.82,31/03/2053,London
4148,David,HR,119852.98,30/04/2053,New York
8935,Alice,Sales,96033.21,31/05/2053,Tokyo
6143,David,IT,44245.24,30/06/2053,Berlin
6237,Bob,Marketing,73246.7,31/07/2053,Berlin
4964,Bob,HR,57573.55,31/08/2053,London
8287,Bob,Marketing,90056.02,30/09/2053,London
1008,Charlie,HR,73299.49,31/10/2053,London
7690,David,Marketing,90541.67,30/11/2053,New York
2413,Charlie,Sales,96435.33,31/12/2053,New York
7161,Emma,IT,73200.23,31/01/2054,Berlin
8783,Charlie,HR,50489.21,28/02/2054,New York
6355,Charlie,HR,68883.3,31/03/2054,Berlin
7954,Emma,IT,62542.26,30/04/2054,London
4601,David,HR,53953.71,31/05/2054,Berlin
1484,Emma,Sales,45828.31,30/06/2054,Berlin
6723,Bob,HR,67454.37,31/07/2054,Tokyo
4511,Charlie,Marketing,109042.72,31/08/2054,Tokyo
5778,Bob,IT,72110.41,30/09/2054,London
6529,David,Sales,112323.7,31/10/2054,London
4897,Alice,IT,112611.71,30/11/2054,Berlin
4075,Bob,Sales,95347.57,31/12/2054,New York
6909,Bob,Marketing,100590.66,31/01/2055,New York
6389,Charlie,IT,109376.39,28/02/2055,Berlin
3400,David,HR,47627.53,31/03/2055,Tokyo
7113,Alice,Sales,98756.23,30/04/2055,New York
6322,Alice,Sales,117548.18,31/05/2055,New York
2380,Alice,Marketing,81972.91,30/06/2055,Tokyo
5520,David,Marketing,44922.91,31/07/2055,Tokyo
7738,Emma,Sales,69062.1,31/08/2055,London
7168,David,IT,41074.77,30/09/2055,Tokyo
9766,Emma,Sales,119314.18,31/10/2055,London
6523,David,IT,37379.77,30/11/2055,Berlin
4443,Charlie,IT,97797.59,31/12/2055,Berlin
1809,Emma,Sales,102729.33,31/01/2056,Berlin
2645,David,Marketing,56336.14,29/02/2056,Berlin
4831,Emma,Sales,40015.06,31/03/2056,Tokyo
5698,Emma,HR,49017.67,30/04/2056,London
5710,Bob,HR,37858.87,31/05/2056,Tokyo
3250,Charlie,HR,65870.63,30/06/2056,Berlin
3919,Emma,HR,110733.71,31/07/2056,Tokyo
1689,David,HR,96580.2,31/08/2056,New York
6039,Bob,Marketing,67289.99,30/09/2056,Tokyo
7898,Alice,Sales,63974.48,31/10/2056,New York
4572,Bob,Sales,96729.21,30/11/2056,Berlin
2380,Charlie,Sales,90243.16,31/12/2056,Berlin
8439,Emma,IT,105828.68,31/01/2057,Tokyo
2048,Alice,HR,91756.94,28/02/2057,Berlin
5461,Bob,Marketing,30511.88,31/03/2057,Berlin
5181,David,Marketing,67662.31,30/04/2057,Berlin
9130,Bob,Sales,54816.04,31/05/2057,London
5940,Emma,Sales,87400.91,30/06/2057,New York
9791,Bob,Sales,78668.43,31/07/2057,London
6540,Bob,IT,53680.97,31/08/2057,New York
7110,Bob,IT,79466.69,30/09/2057,Tokyo
8736,Alice,Sales,66564.25,31/10/2057,Tokyo
2549,Charlie,HR,92260.32,30/11/2057,New York
2839,David,IT,75716.66,31/12/2057,New York
5831,Alice,HR,45935.75,31/01/2058,Tokyo
7688,Charlie,Sales,62061.1,28/02/2058,Berlin
6815,Alice,Marketing,92582.6,31/03/2058,Berlin
7630,Emma,Sales,72230.92,30/04/2058,New York
4027,Alice,Sales,72774.77,31/05/2058,London
3413,Bob,HR,38723.5,30/06/2058,London
5131,David,Sales,87873.37,31/07/2058,New York
1201,Alice,HR,55240.81,31/08/2058,London
9004,David,Marketing,114398.51,30/09/2058,Berlin
8724,David,IT,91833.64,31/10/2058,Berlin
3010,Emma,IT,50078.03,30/11/2058,Tokyo
6616,Bob,IT,104681.34,31/12/2058,London
8292,Alice,Sales,93332.36,31/01/2059,Tokyo
5271,Alice,Sales,44044.47,28/02/2059,New York
4335,David,Sales,42527.99,31/03/2059,Berlin
2532,Charlie,HR,98521.74,30/04/2059,New York
9819,Alice,Marketing,77190.17,31/05/2059,London
3853,Charlie,Marketing,42301.69,30/06/2059,Berlin
9939,Bob,IT,112752.62,31/07/2059,London
5533,Emma,HR,68478.83,31/08/2059,Tokyo
2975,Bob,HR,40884.08,30/09/2059,Berlin
2812,David,HR,48226.44,31/10/2059,Tokyo
2134,Alice,IT,41811.57,30/11/2059,Tokyo
3450,Alice,HR,63687.96,31/12/2059,Tokyo
6358,Charlie,Marketing,48779.06,31/01/2060,Tokyo
4352,Bob,IT,91060.46,29/02/2060,New York
4873,Bob,HR,39743.53,31/03/2060,London
3194,Charlie,Marketing,85220.09,30/04/2060,London
7702,Emma,Sales,38672.73,31/05/2060,New York
5156,Charlie,HR,58353.11,30/06/2060,Berlin
5903,Emma,IT,109908.34,31/07/2060,London
5243,Emma,HR,107543.14,31/08/2060,Tokyo
3419,David,HR,60989.13,30/09/2060,Tokyo
7177,Emma,IT,45471.36,31/10/2060,Berlin
7061,David,HR,71971.86,30/11/2060,New York
8883,Charlie,Marketing,85877.61,31/12/2060,London
8546,David,Marketing,63337.6,31/01/2061,Berlin
2381,David,Sales,32021.47,28/02/2061,New York
8748,Charlie,Sales,107652.31,31/03/2061,London
1583,Charlie,Marketing,45320.53,30/04/2061,Tokyo
9259,Charlie,IT,109986.37,31/05/2061,New York
6835,Charlie,Marketing,90177.8,30/06/2061,Berlin
5292,Alice,Marketing,63609.52,31/07/2061,Berlin
9730,Bob,HR,43028.62,31/08/2061,London
6289,Alice,HR,73432.6,30/09/2061,Berlin
5462,Emma,HR,58929.4,31/10/2061,Berlin
1453,David,HR,58170.2,30/11/2061,New York
8582,Emma,IT,93498.37,31/12/2061,London
6460,Emma,HR,116900.17,31/01/2062,Tokyo
9146,Charlie,HR,34434.81,28/02/2062,Tokyo
8403,Alice,Marketing,51895.27,31/03/2062,Tokyo
9099,Charlie,IT,114667.11,30/04/2062,Berlin
3500,Alice,IT,119602.57,31/05/2062,Berlin
7449,Emma,Sales,63688.02,30/06/2062,Tokyo
4282,Bob,Sales,50097.52,31/07/2062,New York
9439,Emma,IT,88920.34,31/08/2062,London
2588,Alice,IT,63242.02,30/09/2062,Tokyo
4187,Charlie,IT,57224.17,31/10/2062,London
6599,Alice,IT,119576.98,30/11/2062,New York
1035,David,IT,38250.85,31/12/2062,Berlin
2921,Alice,Marketing,41751.65,31/01/2063,Berlin
4119,Bob,Sales,68900.44,28/02/2063,New York
9760,Alice,IT,111006.03,31/03/2063,London
6349,Emma,Marketing,49874.17,30/04/2063,New York
7017,David,Sales,100593.95,31/05/2063,Tokyo
5411,Bob,HR,65437.87,30/06/2063,New York
6219,Alice,HR,33748.32,31/07/2063,New York
2225,Emma,IT,110452.06,31/08/2063,London
2178,Emma,IT,115278.87,30/09/2063,New York
5231,Bob,Marketing,71090.41,31/10/2063,New York
4780,Bob,Marketing,100636.43,30/11/2063,London
6768,Alice,Marketing,65131.47,31/12/2063,New York
3001,Emma,HR,50321.69,31/01/2064,New York
4233,Emma,Marketing,53218.4,29/02/2064,Berlin
3101,Charlie,IT,32194.72,31/03/2064,London
3448,David,HR,32731.93,30/04/2064,Tokyo
1085,Bob,Marketing,41025.39,31/05/2064,Tokyo
2080,Emma,Marketing,118578.47,30/06/2064,Tokyo
8575,Emma,HR,86285.9,31/07/2064,Tokyo
4043,Alice,HR,73010.41,31/08/2064,Berlin
8663,Charlie,HR,91988.86,30/09/2064,Berlin
3209,Alice,IT,36359.77,31/10/2064,Berlin
1681,Charlie,Sales,34283.32,30/11/2064,New York
3268,Alice,Sales,54082.68,31/12/2064,Berlin
4777,Bob,Marketing,41743.28,31/01/2065,Tokyo
5489,David,HR,53758.78,28/02/2065,Berlin
3019,David,Sales,95966.63,31/03/2065,Tokyo
6420,Charlie,HR,107369.39,30/04/2065,New York
1226,David,Sales,111465.4,31/05/2065,New York
4315,Emma,Marketing,119462.24,30/06/2065,Berlin
1360,Alice,IT,88879.58,31/07/2065,Tokyo
5505,Emma,Sales,74595.37,31/08/2065,London
7822,Charlie,HR,33802.97,30/09/2065,London
3419,David,HR,104027.3,31/10/2065,London
7634,Charlie,IT,43798.99,30/11/2065,New York
8641,Bob,Marketing,100683.9,31/12/2065,Berlin
3495,David,HR,84194.71,31/01/2066,London
8026,Charlie,IT,102801.0,28/02/2066,London
3086,David,Marketing,93205.64,31/03/2066,Tokyo
9152,Emma,HR,94959.7,30/04/2066,Berlin
8717,David,HR,80111.53,31/05/2066,Tokyo
6168,Emma,HR,66423.94,30/06/2066,Berlin
8068,Emma,HR,85840.75,31/07/2066,London
7671,Alice,Sales,56998.42,31/08/2066,Tokyo
9764,Charlie,Sales,78099.92,30/09/2066,Tokyo
7261,Bob,HR,112310.03,31/10/2066,New York
2477,Emma,Sales,81165.92,30/11/2066,London
1440,Emma,IT,72585.36,31/12/2066,Berlin
6660,Charlie,Marketing,63395.66,31/01/2067,Tokyo
6504,Alice,Sales,87024.61,28/02/2067,Berlin
6924,Charlie,HR,84544.57,31/03/2067,Berlin
5643,Charlie,Sales,60393.1,30/04/2067,Tokyo
3700,Bob,Sales,33562.32,31/05/2067,New York
8643,Emma,IT,53774.96,30/06/2067,Berlin
8841,Bob,IT,38525.58,31/07/2067,Tokyo
4878,Charlie,Marketing,72730.87,31/08/2067,London
2551,Bob,Marketing,114219.18,30/09/2067,Tokyo
9556,Charlie,IT,70509.17,31/10/2067,London
2269,Alice,HR,78567.81,30/11/2067,New York
9140,Alice,HR,72461.0,31/12/2067,Berlin
7594,Alice,IT,111595.84,31/01/2068,Berlin
1423,David,Sales,102609.13,29/02/2068,New York
8720,Alice,Marketing,89771.7,31/03/2068,Berlin
5539,David,Sales,64801.33,30/04/2068,Tokyo
8151,Bob,Marketing,67745.45,31/05/2068,New York
8444,Emma,HR,117443.66,30/06/2068,Tokyo
8561,Charlie,Sales,83697.62,31/07/2068,Tokyo
7129,David,IT,97313.81,31/08/2068,London
6633,Charlie,HR,45959.86,30/09/2068,London
4099,Emma,Sales,55577.75,31/10/2068,Tokyo
8432,Charlie,Sales,96476.91,30/11/2068,New York
5270,Charlie,HR,30058.35,31/12/2068,New York
2740,Bob,IT,82943.12,31/01/2069,New York
4956,David,Marketing,41696.02,28/02/2069,London
8117,Charlie,IT,95871.47,31/03/2069,Berlin
7200,Emma,Sales,111774.75,30/04/2069,Berlin
3619,David,IT,49181.51,31/05/2069,New York
3415,Charlie,HR,109609.89,30/06/2069,London
3733,Charlie,HR,40345.03,31/07/2069,New York
3259,Charlie,Marketing,87602.53,31/08/2069,New York
8800,Charlie,IT,74005.49,30/09/2069,London
6515,Bob,HR,99543.47,31/10/2069,New York
3419,Alice,IT,41905.65,30/11/2069,New York
3540,David,IT,65195.27,31/12/2069,Berlin
1771,David,Marketing,113857.01,31/01/2070,Berlin
7181,Bob,Marketing,39471.58,28/02/2070,Berlin
9964,Charlie,IT,33688.9,31/03/2070,Berlin
7021,David,Marketing,113609.15,30/04/2070,New York
7614,Bob,HR,96522.7,31/05/2070,London
4133,Bob,IT,102767.48,30/06/2070,Tokyo
1623,Alice,Sales,49821.98,31/07/2070,Tokyo
4237,Alice,Sales,79699.72,31/08/2070,Tokyo
7977,Bob,IT,108184.07,30/09/2070,New York
2382,Charlie,IT,31492.06,31/10/2070,London
7066,David,HR,77125.91,30/11/2070,Berlin
2814,Bob,IT,88469.65,31/12/2070,Berlin
4981,Alice,IT,110043.39,31/01/2071,New York
8565,Charlie,Sales,52832.6,28/02/2071,Berlin
7065,Alice,HR,73340.22,31/03/2071,Berlin
2530,David,HR,59785.8,30/04/2071,New York
4102,Bob,IT,35214.68,31/05/2071,Berlin
8321,Bob,HR,105368.9,30/06/2071,Tokyo
2437,Bob,IT,81155.84,31/07/2071,London
4448,Bob,IT,118383.62,31/08/2071,Berlin
8531,Bob,IT,85907.59,30/09/2071,London
9273,David,Sales,55419.83,31/10/2071,Tokyo
2797,David,IT,115052.13,30/11/2071,Tokyo
5486,Alice,Sales,50847.95,31/12/2071,New York
7441,Bob,IT,98514.45,31/01/2072,Berlin
6733,Bob,IT,101764.3,29/02/2072,Berlin
9347,Emma,HR,93501.03,31/03/2072,New York
4844,David,IT,104388.65,30/04/2072,Tokyo
2535,Emma,Sales,99297.86,31/05/2072,New York
8685,Emma,Marketing,48320.86,30/06/2072,Berlin
4721,Bob,IT,55178.39,31/07/2072,Tokyo
6626,Alice,Sales,87391.74,31/08/2072,New York
1238,Bob,HR,112445.03,30/09/2072,Berlin
6741,David,Sales,82037.74,31/10/2072,London
7256,Bob,Marketing,50753.61,30/11/2072,Tokyo
4066,Bob,HR,43765.87,31/12/2072,London
6472,Charlie,HR,107988.69,31/01/2073,London
3893,David,Sales,64349.34,28/02/2073,London
1872,David,Sales,50033.85,31/03/2073,New York
7471,Alice,Sales,67497.45,30/04/2073,Berlin
3669,Alice,HR,97361.88,31/05/2073,Tokyo
8969,Emma,Sales,45341.21,30/06/2073,Berlin
2311,Alice,Marketing,87156.27,31/07/2073,London
8877,Emma,Sales,70911.41,31/08/2073,Berlin
4651,Alice,Marketing,39340.04,30/09/2073,Tokyo
7401,Alice,IT,110599.22,31/10/2073,London
1441,David,Sales,55335.62,30/11/2073,Tokyo
2074,Emma,Marketing,119026.1,31/12/2073,Tokyo
9348,Charlie,Marketing,98279.45,31/01/2074,London
6265,David,Sales,113183.16,28/02/2074,New York
1104,Emma,Marketing,61224.47,31/03/2074,New York
8050,Emma,IT,60459.99,30/04/2074,Tokyo
6529,Bob,HR,91263.64,31/05/2074,London
2644,David,Sales,67212.62,30/06/2074,London
4835,Bob,IT,95674.6,31/07/2074,Berlin
9170,Emma,Marketing,98644.45,31/08/2074,Berlin
8132,Alice,HR,89078.59,30/09/2074,Berlin
9342,David,IT,61742.65,31/10/2074,Tokyo
8854,Alice,IT,111596.42,30/11/2074,New York
2822,Emma,HR,76646.59,31/12/2074,Tokyo
3520,David,HR,64750.86,31/01/2075,New York
6069,Charlie,Sales,43456.87,28/02/2075,New York
8790,Bob,IT,61004.86,31/03/2075,Berlin
3334,Charlie,IT,70621.23,30/04/2075,Berlin
1318,Emma,Marketing,37905.74,31/05/2075,New York
4243,Alice,Sales,82762.06,30/06/2075,London
9334,Charlie,IT,50183.96,31/07/2075,New York
8379,Emma,HR,33428.48,31/08/2075,New York
2687,Emma,Marketing,117564.59,30/09/2075,Tokyo
9163,Charlie,HR,102870.68,31/10/2075,Berlin
5626,Emma,Sales,106606.33,30/11/2075,Tokyo
1729,Alice,IT,100680.83,31/12/2075,London
9710,Alice,HR,84377.55,31/01/2076,London
7003,Alice,HR,103863.46,29/02/2076,London
7012,David,IT,71267.98,31/03/2076,New York
8405,Bob,Sales,57837.61,30/04/2076,Tokyo
5122,David,IT,63248.96,31/05/2076,Berlin
8861,Emma,Marketing,56776.8,30/06/2076,Berlin
7767,Charlie,HR,97989.02,31/07/2076,Berlin
2284,Charlie,HR,103304.32,31/08/2076,Berlin
7375,David,HR,79812.01,30/09/2076,London
5917,Bob,Sales,86244.45,31/10/2076,New York
3598,David,Marketing,114571.01,30/11/2076,London
9337,Charlie,HR,47235.73,31/12/2076,Berlin
6538,Alice,Sales,75800.1,31/01/2077,Tokyo
9748,Alice,HR,111848.77,28/02/2077,New York
3543,Bob,HR,92557.43,31/03/2077,London
7892,David,Marketing,82419.1,30/04/2077,Berlin
7652,David,HR,105209.69,31/05/2077,London
3903,Charlie,Sales,56719.24,30/06/2077,Tokyo
1437,David,IT,55820.55,31/07/2077,Berlin
4614,Alice,IT,37861.43,31/08/2077,Berlin
9478,Emma,Sales,106864.02,30/09/2077,Tokyo
7850,David,IT,32995.66,31/10/2077,London
5386,Bob,IT,41072.54,30/11/2077,New York
8332,Alice,Sales,99186.31,31/12/2077,New York
7255,Charlie,IT,38719.11,31/01/2078,New York
6098,Bob,IT,110519.62,28/02/2078,New York
1226,Charlie,Sales,52064.87,31/03/2078,London
9137,Alice,HR,47977.15,30/04/2078,New York
6475,Emma,IT,36736.03,31/05/2078,New York
2428,Alice,IT,112483.49,30/06/2078,Tokyo
8652,Emma,IT,113283.98,31/07/2078,London
4609,David,HR,85119.39,31/08/2078,Tokyo
5092,Bob,Marketing,93845.58,30/09/2078,Tokyo
1089,Alice,HR,81713.79,31/10/2078,New York
1586,Emma,HR,33263.02,30/11/2078,London
7915,Alice,IT,108685.62,31/12/2078,New York
3421,David,Sales,48253.33,31/01/2079,Berlin
8655,Bob,IT,60172.2,28/02/2079,Berlin
2386,David,Marketing,35395.9,31/03/2079,Tokyo
7856,Charlie,HR,45788.65,30/04/2079,New York
5268,David,IT,52668.1,31/05/2079,Berlin
3824,Charlie,Marketing,80134.64,30/06/2079,New York
5440,Charlie,Sales,51289.69,31/07/2079,New York
4000,Alice,HR,70633.76,31/08/2079,Berlin
5582,Charlie,Marketing,41335.88,30/09/2079,Berlin
6732,Emma,IT,46939.47,31/10/2079,New York
5628,Alice,Sales,46994.98,30/11/2079,New York
7011,David,HR,67955.14,31/12/2079,Tokyo
1142,Bob,HR,109930.09,31/01/2080,New York
5037,David,IT,51866.75,29/02/2080,London
4889,Charlie,HR,110100.48,31/03/2080,Berlin
9971,Bob,Sales,38522.11,30/04/2080,Tokyo
6300,David,Sales,33834.47,31/05/2080,Tokyo
5558,Emma,IT,44668.93,30/06/2080,London
2481,Bob,HR,117641.28,31/07/2080,Berlin
9628,Emma,Sales,76829.85,31/08/2080,Tokyo
3121,Bob,Marketing,70422.27,30/09/2080,Berlin
7291,Alice,HR,68011.91,31/10/2080,New York
8472,Emma,Marketing,110595.53,30/11/2080,Berlin
5270,Emma,Sales,77713.38,31/12/2080,London
3324,Emma,HR,70898.57,31/01/2081,Tokyo
6899,David,Sales,119374.38,28/02/2081,Tokyo
9625,Charlie,Marketing,41139.44,31/03/2081,New York
3587,Charlie,Sales,87606.75,30/04/2081,New York
4684,Emma,Marketing,109965.12,31/05/2081,Berlin
7272,Alice,HR,36223.62,30/06/2081,Tokyo
6582,Bob,Marketing,115075.57,31/07/2081,Berlin
1442,David,Sales,115034.21,31/08/2081,Tokyo
8635,David,Sales,60517.32,30/09/2081,Tokyo
3991,Emma,Sales,61814.14,31/10/2081,Berlin
5825,Emma,Sales,93667.41,30/11/2081,Tokyo
2382,Emma,Sales,66124.28,31/12/2081,London
4715,David,Marketing,103495.71,31/01/2082,New York
8566,Alice,IT,60555.41,28/02/2082,New York
4792,Charlie,Sales,37806.25,31/03/2082,Tokyo
4243,David,Sales,56055.04,30/04/2082,London
6395,Alice,HR,47814.84,31/05/2082,New York
4017,Bob,Sales,85582.1,30/06/2082,London
6514,David,Sales,86424.06,31/07/2082,Berlin
2127,Emma,IT,35934.25,31/08/2082,New York
9484,David,Marketing,32507.92,30/09/2082,New York
7485,Bob,Marketing,32191.27,31/10/2082,Berlin
3241,David,Marketing,47310.42,30/11/2082,Tokyo
2818,Alice,HR,97458.99,31/12/2082,London
5508,Emma,Sales,94529.14,31/01/2083,London
9058,Emma,Marketing,67193.63,28/02/2083,London
4109,David,Marketing,93872.49,31/03/2083,London
9523,Emma,IT,102427.71,30/04/2083,London
3013,Bob,IT,102143.71,31/05/2083,New York
7653,Bob,Sales,94014.92,30/06/2083,London
2896,Bob,HR,50207.81,31/07/2083,Tokyo
2915,Alice,IT,93474.47,31/08/2083,Berlin
4716,Bob,Marketing,33368.6,30/09/2083,London
7531,Emma,HR,47990.43,31/10/2083,New York
7430,David,Marketing,63218.39,30/11/2083,Tokyo
5916,Charlie,Marketing,58840.74,31/12/2083,New York
5780,Bob,Sales,70642.47,31/01/2084,Tokyo
5380,David,HR,50105.73,29/02/2084,Tokyo
1499,Bob,IT,40733.12,31/03/2084,Berlin
7585,David,IT,70922.18,30/04/2084,Tokyo
2399,Alice,HR,49309.15,31/05/2084,Tokyo
2691,Bob,IT,68903.71,30/06/2084,Berlin
9161,Bob,Marketing,106548.47,31/07/2084,London
6123,Alice,IT,52266.74,31/08/2084,London
9931,David,IT,81909.35,30/09/2084,Tokyo
7266,Emma,Sales,113971.78,31/10/2084,London
6297,Emma,HR,47479.38,30/11/2084,London
1443,Charlie,HR,95533.92,31/12/2084,London
2458,David,IT,63496.24,31/01/2085,New York
7557,David,HR,56809.55,28/02/2085,Tokyo
7537,David,IT,42077.56,31/03/2085,New York
5748,Emma,Sales,74752.77,30/04/2085,New York
8823,Emma,Marketing,35316.84,31/05/2085,Tokyo
9495,Bob,IT,87567.0,30/06/2085,Tokyo
3241,Charlie,IT,32331.71,31/07/2085,Berlin
1548,Emma,HR,96876.19,31/08/2085,Berlin
2442,David,IT,107134.89,30/09/2085,Berlin
3680,Alice,HR,115780.54,31/10/2085,Berlin
1175,Bob,Marketing,95489.04,30/11/2085,New York
5101,Charlie,HR,39807.33,31/12/2085,New York
9176,Bob,Marketing,76277.48,31/01/2086,London
2859,David,Marketing,36902.51,28/02/2086,New York
9870,Alice,IT,77289.8,31/03/2086,Tokyo
6873,Charlie,Marketing,71172.39,30/04/2086,London
4640,Charlie,Marketing,88093.53,31/05/2086,Berlin
6104,Alice,IT,72907.98,30/06/2086,London
7408,Emma,HR,117307.61,31/07/2086,New York
8951,David,IT,35360.21,31/08/2086,Berlin
3863,Emma,IT,113103.25,30/09/2086,Tokyo
7606,David,Marketing,51384.22,31/10/2086,Berlin
6281,Charlie,HR,63786.52,30/11/2086,Berlin
7133,Emma,Sales,104655.28,31/12/2086,Tokyo
8118,Alice,Sales,115216.71,31/01/2087,Tokyo
1829,Alice,Marketing,79644.69,28/02/2087,London
9946,Emma,Marketing,90543.34,31/03/2087,London
3677,Bob,Marketing,62220.21,30/04/2087,Tokyo
9642,Bob,HR,98318.2,31/05/2087,New York
3215,Bob,IT,32280.09,30/06/2087,London
6638,Bob,Marketing,111089.07,31/07/2087,Tokyo
9366,Alice,Marketing,35842.4,31/08/2087,New York
7523,David,IT,67703.68,30/09/2087,Berlin
3866,Alice,Marketing,107179.13,31/10/2087,London
4929,David,Sales,111508.4,30/11/2087,New York
4671,Emma,Marketing,58949.29,31/12/2087,New York
2611,David,HR,61906.85,31/01/2088,Tokyo
2107,David,Marketing,111764.71,29/02/2088,Berlin
2360,David,Marketing,46582.8,31/03/2088,New York
4556,Emma,HR,91214.6,30/04/2088,New York
3902,Alice,HR,69312.49,31/05/2088,Tokyo
2281,David,HR,31719.02,30/06/2088,London
4251,David,IT,56509.79,31/07/2088,New York
3445,Charlie,Marketing,40273.71,31/08/2088,Tokyo
5454,David,Sales,86734.55,30/09/2088,Berlin
3689,Charlie,Marketing,82011.63,31/10/2088,London
3899,David,HR,69846.98,30/11/2088,Berlin
6836,Emma,Sales,47714.44,31/12/2088,New York
1655,Bob,IT,64225.88,31/01/2089,New York
9222,David,HR,93133.75,28/02/2089,London
7809,Emma,Sales,102795.04,31/03/2089,New York
4733,Emma,HR,75884.14,30/04/2089,New York
2260,Charlie,Sales,81837.19,31/05/2089,London
8160,Emma,Marketing,105554.58,30/06/2089,London
6902,Charlie,Marketing,108949.75,31/07/2089,Tokyo
4761,Charlie,IT,61259.2,31/08/2089,Tokyo
5395,Charlie,IT,39830.88,30/09/2089,Tokyo
3083,David,Sales,104066.28,31/10/2089,Berlin
4395,Charlie,HR,108357.72,30/11/2089,New York
9461,Charlie,IT,86989.16,31/12/2089,London
4010,Bob,Sales,53557.18,31/01/2090,Berlin
9345,Charlie,Sales,82479.65,28/02/2090,London
9703,David,Marketing,97809.91,31/03/2090,New York
7193,David,IT,86485.04,30/04/2090,Tokyo
7004,Emma,HR,114541.31,31/05/2090,Tokyo
1130,David,Sales,105119.61,30/06/2090,London
2959,Emma,Sales,86212.01,31/07/2090,London
1860,Charlie,Sales,68494.57,31/08/2090,Tokyo
5001,David,Sales,75200.92,30/09/2090,New York
5798,Emma,Sales,63845.51,31/10/2090,New York
7306,Bob,Marketing,51566.09,30/11/2090,Tokyo
9392,Alice,Marketing,68624.1,31/12/2090,Berlin
9671,David,IT,44500.03,31/01/2091,London
9320,David,Marketing,45522.6,28/02/2091,Tokyo
7185,Alice,IT,56690.89,31/03/2091,New York
3356,David,HR,64840.78,30/04/2091,Tokyo
8089,David,IT,79427.84,31/05/2091,London
1213,Alice,Marketing,108212.68,30/06/2091,Tokyo
7589,Bob,IT,81422.91,31/07/2091,Berlin
3528,Emma,Sales,43962.72,31/08/2091,Berlin
4995,Charlie,IT,42356.44,30/09/2091,London
2051,Bob,IT,91522.57,31/10/2091,London
6438,Emma,Sales,87044.16,30/11/2091,London
6485,Bob,Marketing,91301.63,31/12/2091,Tokyo
4132,Charlie,Sales,111159.48,31/01/2092,New York
5028,Bob,HR,104369.25,29/02/2092,New York
1761,David,HR,106769.64,31/03/2092,London
3867,David,Marketing,108042.45,30/04/2092,Tokyo
5353,Alice,Marketing,30797.36,31/05/2092,New York
3616,Emma,Marketing,45441.48,30/06/2092,London
8817,Emma,Sales,30726.09,31/07/2092,New York
6353,Charlie,Sales,56720.74,31/08/2092,New York
3805,David,Sales,50875.61,30/09/2092,Tokyo
6183,Emma,IT,56091.08,31/10/2092,London
9172,David,IT,115799.79,30/11/2092,Tokyo
3679,David,HR,107577.75,31/12/2092,New York
5424,Alice,HR,101319.41,31/01/2093,New York
1288,Charlie,IT,86929.86,28/02/2093,London
5447,Emma,Marketing,91158.79,31/03/2093,Tokyo
2527,Bob,Marketing,51851.8,30/04/2093,Tokyo
1780,Charlie,IT,113427.69,31/05/2093,New York
7329,Alice,Marketing,69505.3,30/06/2093,Berlin
4283,David,IT,99317.93,31/07/2093,Tokyo
5036,Bob,Sales,119844.66,31/08/2093,Tokyo
8868,Alice,Sales,83865.8,30/09/2093,London
3868,Charlie,Marketing,39653.73,31/10/2093,Tokyo
6351,Emma,Sales,59771.93,30/11/2093,London
3107,Emma,HR,91689.03,31/12/2093,New York
5022,Alice,HR,34978.28,31/01/2094,London
9839,Bob,IT,48666.94,28/02/2094,New York
8871,Bob,HR,60108.62,31/03/2094,London
9053,Charlie,Marketing,86545.24,30/04/2094,Berlin
9169,Emma,IT,76917.46,31/05/2094,New York
3704,Alice,Sales,83942.74,30/06/2094,Tokyo
7847,Emma,HR,108316.31,31/07/2094,Berlin
4061,David,Sales,110264.14,31/08/2094,London
7919,Alice,IT,109872.21,30/09/2094,Berlin
3843,Charlie,Sales,76312.66,31/10/2094,Berlin
7139,Emma,IT,97994.38,30/11/2094,London
3247,David,HR,79043.71,31/12/2094,Tokyo
2384,Bob,Marketing,114324.34,31/01/2095,London
3160,Emma,IT,54908.93,28/02/2095,Berlin
7742,Charlie,IT,41355.25,31/03/2095,New York
4921,Alice,IT,83330.26,30/04/2095,Tokyo
8669,Emma,IT,54303.97,31/05/2095,Berlin
8398,Charlie,HR,119428.88,30/06/2095,Tokyo
2503,Charlie,IT,56575.42,31/07/2095,Berlin
9072,Charlie,Marketing,97693.62,31/08/2095,New York
2502,Charlie,HR,31564.26,30/09/2095,Berlin
5849,David,Sales,101041.64,31/10/2095,New York
5960,Alice,HR,93686.65,30/11/2095,Berlin
3613,Bob,Sales,61116.51,31/12/2095,Tokyo
4276,Bob,IT,33270.85,31/01/2096,Tokyo
9253,David,IT,53185.39,29/02/2096,New York
7064,Charlie,Marketing,50639.11,31/03/2096,Tokyo
6637,Alice,HR,75506.75,30/04/2096,New York
9108,Emma,HR,116847.13,31/05/2096,Berlin
6617,Charlie,Sales,87256.97,30/06/2096,Berlin
4493,David,Sales,109892.8,31/07/2096,London
3400,Bob,Marketing,118533.77,31/08/2096,London
5496,Charlie,Sales,115878.51,30/09/2096,New York
2632,Alice,Sales,56446.76,31/10/2096,Berlin
7263,Emma,Sales,58098.19,30/11/2096,New York
3942,Emma,Marketing,40918.22,31/12/2096,London
9133,Alice,IT,93628.3,31/01/2097,New York
3490,Emma,Marketing,58333.38,28/02/2097,Berlin
8956,Charlie,Sales,71362.23,31/03/2097,Berlin
8242,Bob,HR,63332.78,30/04/2097,New York
5825,David,Sales,95423.68,31/05/2097,New York
7931,Alice,Sales,36714.7,30/06/2097,Berlin
1600,Alice,HR,68435.45,31/07/2097,London
1529,Emma,IT,89723.75,31/08/2097,New York
4819,Alice,IT,33165.5,30/09/2097,London
3984,Alice,Sales,54169.51,31/10/2097,New York
8460,Charlie,IT,45275.04,30/11/2097,Berlin
8357,Alice,Marketing,116495.39,31/12/2097,London
6485,David,IT,51011.42,31/01/2098,New York
6048,David,Sales,65330.36,28/02/2098,New York
4075,Bob,IT,35248.6,31/03/2098,Berlin
9350,Emma,Marketing,91992.96,30/04/2098,Tokyo
