ProductID,ProductName,Category,StockLevel,Supplier,ReorderLevel,Price
84431,Keyboard,Accessories,467,Supplier A,36,1422.18
77538,Laptop,Computers,483,Supplier C,49,1342.01
50141,Laptop,Electronics,32,Supplier C,41,599.2
87017,Keyboard,Accessories,117,Supplier B,43,1328.13
46883,Keyboard,Accessories,205,Supplier C,47,1586.27
59728,Monitor,Electronics,271,Supplier C,30,1980.18
57098,Laptop,Accessories,295,Supplier B,17,1382.89
67050,Tablet,Electronics,354,Supplier C,7,317.81
15699,Laptop,Accessories,300,Supplier B,23,1952.66
12896,Monitor,Electronics,436,Supplier A,29,226.23
67571,Keyboard,Electronics,71,Supplier A,32,1901.63
39605,Monitor,Accessories,254,Supplier C,14,358.38
13862,Tablet,Electronics,149,Supplier A,46,846.92
72882,Laptop,Accessories,488,Supplier C,5,926.76
45107,Smartphone,Electronics,250,Supplier A,47,724.57
45142,Keyboard,Accessories,55,Supplier C,32,1003.93
41280,Tablet,Electronics,293,Supplier A,40,1033.88
41169,Keyboard,Electronics,480,Supplier A,49,289.64
65474,Tablet,Computers,293,Supplier A,26,435.46
86574,Tablet,Electronics,427,Supplier A,48,330.33
94546,Keyboard,Electronics,249,Supplier A,16,970.25
92640,Laptop,Computers,415,Supplier A,24,1501.08
40065,Keyboard,Accessories,10,Supplier C,35,1899.23
12379,Monitor,Accessories,353,Supplier A,5,805.4
42128,Tablet,Electronics,0,Supplier B,48,951.9
61720,Tablet,Accessories,356,Supplier A,49,1210.3
23309,Laptop,Electronics,321,Supplier C,26,1460.89
41422,Tablet,Electronics,282,Supplier B,20,1276.77
10701,Tablet,Accessories,275,Supplier A,21,639.73
91384,Monitor,Electronics,186,Supplier C,31,1405.0
43710,Laptop,Electronics,63,Supplier A,47,537.73
19256,Smartphone,Accessories,22,Supplier B,8,543.11
66679,Tablet,Computers,13,Supplier A,30,960.34
97434,Monitor,Accessories,464,Supplier C,40,1343.64
60096,Smartphone,Computers,234,Supplier C,20,1380.68
11423,Monitor,Accessories,432,Supplier A,14,601.66
26755,Tablet,Computers,71,Supplier C,41,1502.76
39178,Monitor,Computers,209,Supplier A,28,497.46
62472,Monitor,Computers,386,Supplier A,19,302.1
18459,Tablet,Electronics,296,Supplier C,28,1946.06
69779,Smartphone,Accessories,405,Supplier A,36,1490.64
36685,Laptop,Accessories,73,Supplier C,7,1187.8
14888,Monitor,Electronics,384,Supplier C,8,1056.03
88770,Keyboard,Computers,281,Supplier A,44,608.93
79877,Monitor,Computers,261,Supplier C,28,1109.35
47125,Monitor,Accessories,27,Supplier C,27,1807.19
66250,Monitor,Electronics,282,Supplier B,12,883.69
29084,Smartphone,Accessories,268,Supplier C,15,536.07
41338,Smartphone,Electronics,432,Supplier C,13,151.3
63212,Monitor,Accessories,25,Supplier A,23,1814.13
40617,Keyboard,Accessories,99,Supplier C,24,1686.46
54831,Tablet,Computers,364,Supplier A,19,381.56
43175,Keyboard,Computers,332,Supplier B,26,559.88
54086,Smartphone,Electronics,465,Supplier B,11,515.58
83467,Tablet,Electronics,300,Supplier A,20,964.14
26741,Keyboard,Electronics,349,Supplier B,31,1004.09
47214,Keyboard,Computers,280,Supplier A,11,900.14
58035,Smartphone,Accessories,472,Supplier C,31,236.1
48421,Keyboard,Accessories,2,Supplier B,44,542.23
16088,Keyboard,Computers,251,Supplier C,16,688.44
63816,Monitor,Accessories,456,Supplier B,29,1635.88
34281,Tablet,Computers,315,Supplier A,33,1897.94
60361,Smartphone,Accessories,339,Supplier B,5,1275.15
62269,Keyboard,Accessories,496,Supplier A,47,1096.55
55173,Monitor,Electronics,202,Supplier A,6,1787.85
32662,Monitor,Accessories,251,Supplier B,23,1103.53
82302,Tablet,Accessories,314,Supplier A,12,375.05
90243,Smartphone,Accessories,109,Supplier B,36,450.54
70418,Laptop,Computers,379,Supplier B,47,1230.76
89251,Keyboard,Electronics,472,Supplier A,28,134.82
21566,Smartphone,Computers,479,Supplier B,27,1293.58
32700,Keyboard,Computers,20,Supplier C,48,943.96
84394,Keyboard,Electronics,288,Supplier B,48,599.87
40611,Keyboard,Accessories,386,Supplier A,23,1544.56
69372,Smartphone,Electronics,182,Supplier B,14,1247.8
81721,Smartphone,Computers,483,Supplier B,16,642.82
22218,Monitor,Accessories,90,Supplier B,36,1709.27
44596,Smartphone,Accessories,328,Supplier B,12,734.58
37389,Monitor,Accessories,203,Supplier B,49,388.76
42499,Smartphone,Electronics,166,Supplier B,8,1330.62
16503,Monitor,Accessories,309,Supplier A,26,1064.53
22112,Monitor,Electronics,305,Supplier B,27,869.26
56524,Smartphone,Accessories,82,Supplier A,22,92.94
22821,Tablet,Computers,30,Supplier C,42,1280.94
48478,Laptop,Electronics,255,Supplier A,42,1697.62
38276,Laptop,Electronics,238,Supplier B,28,851.07
71029,Keyboard,Accessories,54,Supplier A,21,154.53
77300,Smartphone,Computers,354,Supplier A,42,1233.34
69146,Laptop,Computers,42,Supplier B,46,551.06
19836,Tablet,Accessories,287,Supplier C,48,322.68
65723,Keyboard,Computers,250,Supplier C,40,1555.45
91328,Monitor,Computers,217,Supplier C,43,1665.38
29753,Smartphone,Electronics,447,Supplier C,42,558.37
28591,Smartphone,Computers,12,Supplier C,11,1065.36
29035,Tablet,Electronics,172,Supplier C,13,655.75
86023,Smartphone,Computers,164,Supplier A,34,202.01
59658,Monitor,Computers,333,Supplier A,7,319.96
64602,Monitor,Computers,72,Supplier B,8,845.59
90399,Laptop,Electronics,493,Supplier B,21,152.4
25604,Monitor,Electronics,28,Supplier C,43,895.56
58266,Keyboard,Electronics,439,Supplier C,48,419.56
30334,Keyboard,Accessories,350,Supplier C,13,135.25
26427,Monitor,Electronics,373,Supplier B,15,1428.26
66933,Smartphone,Accessories,352,Supplier B,13,149.64
23229,Keyboard,Electronics,278,Supplier B,32,623.37
39121,Monitor,Electronics,357,Supplier B,46,1232.67
41154,Laptop,Computers,368,Supplier B,12,1349.83
84095,Tablet,Electronics,93,Supplier B,16,242.89
43175,Laptop,Computers,310,Supplier C,28,177.51
47201,Tablet,Accessories,391,Supplier A,33,1386.31
68948,Keyboard,Computers,32,Supplier B,22,1734.38
10435,Keyboard,Computers,68,Supplier B,13,609.89
30638,Monitor,Accessories,268,Supplier B,22,265.73
15986,Monitor,Electronics,82,Supplier A,49,774.13
21303,Smartphone,Computers,317,Supplier C,47,1447.21
36972,Keyboard,Electronics,24,Supplier A,17,386.67
73079,Smartphone,Electronics,117,Supplier C,5,381.35
85433,Smartphone,Accessories,392,Supplier C,45,1229.53
84025,Monitor,Electronics,48,Supplier C,7,268.8
74788,Smartphone,Accessories,88,Supplier B,30,1266.18
61480,Tablet,Accessories,375,Supplier B,35,1563.99
13735,Smartphone,Electronics,147,Supplier C,34,1162.86
45218,Monitor,Electronics,333,Supplier B,13,1086.11
47091,Monitor,Computers,495,Supplier A,29,1067.12
23317,Smartphone,Electronics,122,Supplier C,24,825.88
58536,Tablet,Computers,53,Supplier B,18,972.54
25057,Smartphone,Electronics,107,Supplier B,42,161.77
63399,Keyboard,Accessories,163,Supplier A,11,1621.15
61390,Tablet,Accessories,176,Supplier B,13,355.51
25583,Laptop,Accessories,259,Supplier C,43,541.24
32932,Keyboard,Accessories,443,Supplier B,27,959.3
37877,Tablet,Electronics,96,Supplier C,48,1724.45
27515,Smartphone,Electronics,154,Supplier A,19,1425.15
92859,Monitor,Accessories,226,Supplier A,40,1519.59
12976,Keyboard,Accessories,227,Supplier B,25,1358.88
79319,Monitor,Accessories,33,Supplier C,21,1105.95
25651,Smartphone,Computers,335,Supplier C,7,551.58
28383,Smartphone,Accessories,458,Supplier C,10,1732.46
80436,Keyboard,Electronics,21,Supplier B,30,1343.24
63551,Laptop,Computers,493,Supplier C,11,975.73
20540,Monitor,Electronics,229,Supplier B,20,1410.92
45755,Keyboard,Accessories,166,Supplier C,27,1904.97
78667,Smartphone,Computers,85,Supplier C,27,443.13
69961,Smartphone,Computers,458,Supplier B,39,971.5
75997,Tablet,Electronics,84,Supplier C,23,219.77
58682,Keyboard,Accessories,468,Supplier A,32,1839.69
20835,Keyboard,Electronics,414,Supplier A,41,277.55
42405,Monitor,Electronics,142,Supplier A,19,951.37
38803,Monitor,Computers,406,Supplier A,10,701.33
56070,Laptop,Accessories,171,Supplier B,45,1334.3
45673,Smartphone,Computers,223,Supplier A,27,1651.7
73985,Keyboard,Computers,481,Supplier A,30,1071.6
42782,Laptop,Computers,281,Supplier C,12,1601.88
99188,Tablet,Accessories,120,Supplier A,32,1158.76
41945,Keyboard,Electronics,155,Supplier A,22,1519.46
83447,Keyboard,Accessories,224,Supplier A,28,1807.22
19424,Keyboard,Electronics,112,Supplier C,20,1835.8
25172,Keyboard,Computers,49,Supplier C,38,1760.56
14336,Monitor,Accessories,415,Supplier A,24,1792.76
40518,Tablet,Electronics,238,Supplier C,26,134.52
58467,Keyboard,Electronics,304,Supplier C,24,114.5
44632,Smartphone,Accessories,175,Supplier A,22,189.86
35194,Tablet,Accessories,25,Supplier C,9,514.23
18490,Monitor,Electronics,212,Supplier B,5,295.83
32279,Keyboard,Accessories,467,Supplier A,39,1955.29
95639,Monitor,Accessories,152,Supplier A,18,1503.31
26931,Tablet,Electronics,470,Supplier B,22,1022.36
43205,Keyboard,Computers,436,Supplier C,43,153.41
36542,Laptop,Accessories,379,Supplier B,33,1824.06
49543,Laptop,Electronics,119,Supplier A,6,580.49
41956,Laptop,Electronics,315,Supplier B,28,149.12
25282,Laptop,Electronics,144,Supplier A,10,1149.39
23369,Keyboard,Accessories,464,Supplier B,35,1841.3
36121,Smartphone,Accessories,363,Supplier B,45,850.92
63558,Smartphone,Computers,202,Supplier A,13,1486.36
91557,Monitor,Computers,252,Supplier A,16,181.68
75291,Tablet,Accessories,127,Supplier C,34,1087.63
28696,Keyboard,Computers,215,Supplier B,27,559.64
80123,Smartphone,Computers,341,Supplier B,39,1906.64
16483,Keyboard,Electronics,339,Supplier B,43,1073.6
75025,Keyboard,Computers,422,Supplier C,45,1415.26
34996,Smartphone,Computers,372,Supplier A,33,402.56
77383,Laptop,Electronics,84,Supplier B,24,727.98
82821,Keyboard,Electronics,52,Supplier A,39,173.59
71451,Laptop,Accessories,92,Supplier A,20,1270.48
14640,Monitor,Electronics,48,Supplier B,43,1445.42
63428,Smartphone,Electronics,283,Supplier A,16,1327.2
58057,Smartphone,Electronics,434,Supplier B,13,429.31
21567,Laptop,Electronics,33,Supplier C,22,1979.7
53901,Keyboard,Electronics,278,Supplier A,35,1076.34
10154,Laptop,Computers,200,Supplier B,20,101.6
10715,Smartphone,Electronics,415,Supplier C,35,188.24
40216,Keyboard,Accessories,480,Supplier B,9,1153.33
72885,Keyboard,Computers,406,Supplier C,46,849.71
59614,Monitor,Electronics,269,Supplier B,9,1327.86
55952,Laptop,Computers,234,Supplier A,37,1810.45
51997,Keyboard,Accessories,215,Supplier C,8,1097.11
11712,Tablet,Electronics,240,Supplier C,48,513.09
59710,Laptop,Accessories,114,Supplier B,35,615.32
81207,Tablet,Computers,461,Supplier B,35,1818.75
85434,Monitor,Accessories,5,Supplier B,10,1820.62
17694,Monitor,Accessories,81,Supplier C,11,480.64
98555,Laptop,Accessories,165,Supplier B,47,168.23
22679,Smartphone,Accessories,326,Supplier B,8,839.48
75421,Monitor,Electronics,381,Supplier B,8,1887.79
31594,Laptop,Electronics,286,Supplier A,6,359.45
84071,Keyboard,Computers,60,Supplier A,43,1121.87
47534,Laptop,Computers,337,Supplier A,28,1724.38
13894,Monitor,Electronics,17,Supplier B,11,248.79
93023,Tablet,Computers,207,Supplier B,38,521.43
85056,Monitor,Computers,108,Supplier C,35,794.62
56795,Keyboard,Computers,43,Supplier B,19,1349.95
36093,Monitor,Electronics,328,Supplier A,18,1543.03
33307,Monitor,Accessories,159,Supplier B,21,1811.48
75756,Smartphone,Computers,127,Supplier C,33,1682.02
91884,Laptop,Accessories,295,Supplier C,21,195.66
26130,Smartphone,Accessories,398,Supplier A,44,532.46
66636,Smartphone,Computers,340,Supplier B,47,444.21
70636,Keyboard,Accessories,480,Supplier B,38,1788.08
16956,Keyboard,Electronics,488,Supplier A,15,1690.75
29919,Smartphone,Electronics,411,Supplier C,13,1867.02
70566,Laptop,Accessories,354,Supplier B,21,438.7
15924,Keyboard,Electronics,277,Supplier C,36,1586.93
13165,Keyboard,Accessories,253,Supplier A,33,756.73
74856,Monitor,Computers,79,Supplier A,22,1254.48
10108,Smartphone,Computers,301,Supplier A,35,1106.9
26783,Keyboard,Accessories,97,Supplier A,14,1295.42
53318,Laptop,Accessories,338,Supplier A,20,1373.37
52655,Monitor,Electronics,409,Supplier A,24,929.6
18741,Monitor,Accessories,280,Supplier B,29,1398.6
15444,Laptop,Computers,248,Supplier B,42,618.95
58963,Laptop,Accessories,310,Supplier C,25,1953.46
77838,Keyboard,Computers,117,Supplier C,23,1709.75
79489,Keyboard,Accessories,84,Supplier B,19,148.61
26380,Keyboard,Accessories,396,Supplier A,23,1005.73
32092,Keyboard,Computers,185,Supplier B,29,128.52
41184,Monitor,Computers,99,Supplier B,33,1963.74
51233,Tablet,Electronics,488,Supplier C,46,1274.9
54954,Laptop,Computers,333,Supplier B,30,484.11
32543,Monitor,Electronics,267,Supplier A,19,639.29
77569,Tablet,Computers,206,Supplier A,9,1396.41
51495,Monitor,Accessories,396,Supplier C,22,1520.62
90051,Laptop,Electronics,221,Supplier C,44,902.17
45945,Tablet,Computers,257,Supplier A,34,814.71
41538,Keyboard,Accessories,438,Supplier A,22,1859.41
18541,Smartphone,Electronics,474,Supplier B,42,1096.22
14255,Keyboard,Electronics,210,Supplier C,32,1883.09
42157,Monitor,Computers,489,Supplier B,37,681.22
48411,Smartphone,Electronics,334,Supplier C,35,763.9
77978,Tablet,Computers,291,Supplier B,43,1705.43
11391,Monitor,Electronics,325,Supplier A,12,1686.55
98432,Laptop,Electronics,25,Supplier C,34,313.63
53709,Smartphone,Electronics,95,Supplier C,31,1371.26
29418,Laptop,Accessories,383,Supplier B,48,457.46
58314,Monitor,Accessories,61,Supplier C,24,326.75
92627,Keyboard,Accessories,150,Supplier B,5,130.43
96100,Monitor,Computers,374,Supplier C,9,214.08
57786,Keyboard,Computers,415,Supplier C,20,1635.92
36357,Monitor,Computers,21,Supplier B,23,1963.4
97856,Smartphone,Electronics,424,Supplier A,10,1333.56
69467,Smartphone,Accessories,279,Supplier B,14,53.74
53368,Laptop,Computers,221,Supplier A,44,150.17
59043,Monitor,Accessories,495,Supplier B,23,550.89
32827,Monitor,Computers,182,Supplier C,22,539.57
80843,Monitor,Accessories,4,Supplier C,23,307.9
62996,Laptop,Computers,470,Supplier A,44,1524.06
87327,Smartphone,Accessories,371,Supplier A,7,1324.65
77943,Monitor,Electronics,153,Supplier A,46,1935.5
55332,Keyboard,Accessories,74,Supplier C,44,1153.74
27151,Tablet,Electronics,98,Supplier C,27,807.38
11839,Smartphone,Computers,363,Supplier B,9,1451.03
78241,Keyboard,Electronics,177,Supplier B,34,1588.54
46356,Monitor,Electronics,116,Supplier B,8,1969.08
84391,Monitor,Accessories,311,Supplier C,38,859.37
25826,Monitor,Accessories,209,Supplier B,28,582.27
66923,Laptop,Electronics,444,Supplier C,25,988.4
47873,Laptop,Accessories,75,Supplier A,41,1685.68
22740,Smartphone,Accessories,179,Supplier B,32,702.51
91400,Keyboard,Electronics,476,Supplier B,44,1204.88
59939,Laptop,Electronics,70,Supplier C,49,545.52
71021,Tablet,Computers,186,Supplier B,27,99.39
28961,Monitor,Electronics,35,Supplier C,15,1389.13
37698,Monitor,Accessories,224,Supplier B,24,1268.18
45460,Laptop,Computers,25,Supplier A,20,370.51
24192,Smartphone,Computers,161,Supplier A,35,1705.75
85016,Smartphone,Electronics,354,Supplier A,7,1221.58
84234,Monitor,Computers,27,Supplier B,35,546.41
89581,Tablet,Computers,54,Supplier A,36,720.76
79601,Keyboard,Computers,64,Supplier C,22,1460.99
78034,Tablet,Electronics,30,Supplier C,7,544.25
10338,Keyboard,Computers,447,Supplier C,27,1276.83
47742,Laptop,Electronics,94,Supplier A,27,1776.88
37772,Tablet,Computers,395,Supplier C,31,1436.26
36671,Tablet,Accessories,137,Supplier A,34,867.96
82011,Smartphone,Computers,117,Supplier A,6,967.71
58164,Keyboard,Computers,203,Supplier C,48,1792.49
80302,Tablet,Electronics,141,Supplier C,17,295.91
74284,Monitor,Electronics,437,Supplier C,43,538.53
87537,Smartphone,Electronics,1,Supplier A,32,1429.6
78246,Keyboard,Accessories,262,Supplier B,48,1347.74
13923,Smartphone,Electronics,1,Supplier A,39,1557.25
25214,Smartphone,Computers,46,Supplier C,32,815.94
93143,Tablet,Computers,140,Supplier A,46,712.43
31867,Smartphone,Accessories,335,Supplier B,30,1175.81
56843,Laptop,Accessories,61,Supplier A,43,1541.62
48567,Monitor,Accessories,258,Supplier C,48,1154.02
73783,Keyboard,Accessories,116,Supplier A,28,1629.81
50371,Tablet,Electronics,459,Supplier C,49,1079.6
61483,Monitor,Computers,153,Supplier A,15,1220.62
50438,Smartphone,Computers,342,Supplier B,16,1345.21
45587,Keyboard,Accessories,171,Supplier C,47,485.86
85498,Monitor,Electronics,202,Supplier A,40,1185.59
85102,Monitor,Electronics,157,Supplier B,29,1171.76
54889,Monitor,Electronics,240,Supplier B,16,804.33
90058,Keyboard,Electronics,398,Supplier C,11,780.73
36426,Keyboard,Accessories,295,Supplier B,49,1391.51
81574,Monitor,Computers,161,Supplier A,43,555.72
27944,Monitor,Computers,489,Supplier A,21,691.84
44316,Keyboard,Computers,350,Supplier B,8,1510.36
86228,Smartphone,Computers,215,Supplier A,5,1482.35
47780,Monitor,Computers,376,Supplier B,45,516.71
12991,Smartphone,Accessories,178,Supplier B,34,256.32
85581,Tablet,Electronics,177,Supplier B,11,946.2
95721,Smartphone,Electronics,389,Supplier A,32,1217.88
92509,Laptop,Computers,229,Supplier B,26,521.17
91264,Tablet,Electronics,400,Supplier A,9,1791.97
72142,Tablet,Electronics,62,Supplier C,29,555.42
11382,Keyboard,Computers,185,Supplier A,26,62.76
19606,Keyboard,Electronics,165,Supplier B,34,1112.56
71378,Smartphone,Accessories,351,Supplier A,9,1274.34
36518,Tablet,Computers,374,Supplier C,38,750.05
43038,Tablet,Electronics,145,Supplier A,17,312.9
68204,Keyboard,Accessories,332,Supplier B,46,1748.96
66410,Keyboard,Accessories,256,Supplier A,12,1528.95
99251,Tablet,Electronics,120,Supplier C,5,1279.44
63389,Smartphone,Accessories,316,Supplier A,25,752.46
44932,Tablet,Computers,388,Supplier A,32,1826.0
43721,Smartphone,Computers,3,Supplier B,17,947.83
10647,Tablet,Computers,225,Supplier C,42,857.38
82875,Tablet,Electronics,146,Supplier C,24,842.19
29302,Tablet,Computers,413,Supplier C,12,554.45
67058,Smartphone,Accessories,288,Supplier C,22,1052.6
56295,Smartphone,Computers,17,Supplier C,27,975.12
37498,Laptop,Accessories,473,Supplier B,42,1282.41
27037,Laptop,Accessories,253,Supplier B,5,1002.64
81797,Smartphone,Electronics,118,Supplier B,37,1552.87
76366,Keyboard,Accessories,196,Supplier A,46,1015.3
53403,Smartphone,Computers,240,Supplier B,46,1316.55
99278,Tablet,Accessories,240,Supplier A,31,244.68
11272,Tablet,Electronics,226,Supplier A,22,1296.03
74984,Tablet,Electronics,188,Supplier C,44,1339.5
86355,Monitor,Accessories,368,Supplier B,25,780.7
47325,Tablet,Accessories,29,Supplier B,14,886.68
41378,Monitor,Accessories,44,Supplier A,10,1254.74
76158,Monitor,Electronics,147,Supplier B,37,1695.86
68524,Smartphone,Electronics,7,Supplier B,42,152.47
75679,Monitor,Computers,71,Supplier B,7,371.1
75116,Keyboard,Accessories,415,Supplier A,26,274.41
33345,Laptop,Computers,393,Supplier A,43,1394.32
69853,Monitor,Electronics,159,Supplier B,40,1315.26
89298,Monitor,Electronics,387,Supplier C,14,1718.51
10169,Tablet,Electronics,28,Supplier C,34,814.57
66496,Monitor,Computers,119,Supplier A,5,1136.66
84977,Keyboard,Computers,442,Supplier B,11,1362.75
60205,Monitor,Computers,299,Supplier A,47,1356.32
98694,Laptop,Computers,146,Supplier A,28,667.97
83108,Keyboard,Accessories,82,Supplier A,19,373.64
90291,Keyboard,Accessories,118,Supplier B,17,1086.24
83598,Tablet,Computers,392,Supplier B,21,850.61
18811,Laptop,Electronics,343,Supplier B,29,96.47
99268,Laptop,Accessories,93,Supplier B,35,901.73
90318,Tablet,Accessories,70,Supplier A,6,362.77
21899,Keyboard,Electronics,353,Supplier A,22,1333.44
91650,Monitor,Accessories,445,Supplier C,38,1950.82
27088,Smartphone,Electronics,233,Supplier C,10,1366.27
92944,Laptop,Computers,367,Supplier B,16,1055.79
57627,Keyboard,Computers,200,Supplier A,10,1036.57
62033,Monitor,Accessories,203,Supplier A,31,60.67
99565,Smartphone,Electronics,205,Supplier C,44,1995.46
44421,Laptop,Accessories,267,Supplier B,37,837.77
14536,Smartphone,Computers,300,Supplier B,6,183.85
20673,Smartphone,Computers,127,Supplier C,20,1435.8
76818,Laptop,Computers,266,Supplier C,41,1251.41
90229,Smartphone,Computers,285,Supplier A,6,578.78
28318,Tablet,Electronics,328,Supplier C,20,563.28
39891,Keyboard,Electronics,70,Supplier B,30,1515.07
58027,Keyboard,Electronics,455,Supplier A,13,469.17
93387,Laptop,Computers,17,Supplier C,22,1783.5
63896,Monitor,Computers,441,Supplier A,46,1895.29
95725,Smartphone,Accessories,294,Supplier A,40,450.84
63885,Keyboard,Electronics,271,Supplier A,12,1816.17
44291,Keyboard,Accessories,7,Supplier C,16,412.84
19895,Monitor,Accessories,494,Supplier B,22,610.57
45536,Tablet,Accessories,91,Supplier A,22,304.38
74775,Keyboard,Electronics,269,Supplier C,42,1507.14
12795,Smartphone,Computers,149,Supplier B,29,910.34
95824,Monitor,Electronics,409,Supplier A,39,209.76
83631,Monitor,Electronics,214,Supplier B,13,1404.16
55161,Monitor,Electronics,468,Supplier C,37,459.06
76586,Smartphone,Accessories,456,Supplier A,17,1437.23
37990,Keyboard,Accessories,410,Supplier A,17,1308.17
65635,Laptop,Electronics,232,Supplier B,35,686.64
34104,Smartphone,Electronics,471,Supplier B,6,822.32
21595,Laptop,Electronics,213,Supplier A,24,397.49
56400,Smartphone,Computers,27,Supplier A,44,1741.94
42271,Tablet,Electronics,441,Supplier A,40,1500.12
14467,Tablet,Computers,30,Supplier C,17,1542.56
99570,Keyboard,Computers,44,Supplier B,5,179.99
33380,Tablet,Computers,123,Supplier A,29,1948.03
47320,Laptop,Computers,261,Supplier B,7,1455.45
14271,Smartphone,Electronics,175,Supplier B,45,446.28
88387,Laptop,Computers,372,Supplier C,20,62.52
94488,Tablet,Electronics,127,Supplier B,19,1588.84
62964,Laptop,Computers,84,Supplier B,28,1215.34
74565,Tablet,Electronics,153,Supplier C,18,1211.78
68937,Tablet,Computers,417,Supplier C,49,673.55
24386,Monitor,Accessories,451,Supplier B,7,960.04
19583,Laptop,Electronics,424,Supplier C,44,571.32
86013,Laptop,Electronics,428,Supplier A,16,906.92
82342,Keyboard,Electronics,376,Supplier C,33,134.7
39501,Monitor,Electronics,117,Supplier B,42,1077.06
48552,Smartphone,Accessories,97,Supplier A,21,1873.57
85991,Keyboard,Computers,347,Supplier A,40,715.59
51608,Keyboard,Electronics,129,Supplier A,47,1566.87
17412,Monitor,Accessories,334,Supplier B,20,1642.78
35610,Smartphone,Electronics,232,Supplier B,28,974.69
86223,Tablet,Computers,230,Supplier A,36,1587.13
31934,Laptop,Accessories,312,Supplier C,37,1709.41
11553,Smartphone,Electronics,182,Supplier A,5,1726.05
43888,Laptop,Electronics,37,Supplier A,12,1881.3
76080,Smartphone,Computers,4,Supplier A,38,615.03
67483,Tablet,Computers,473,Supplier A,13,747.59
56629,Smartphone,Computers,106,Supplier C,6,969.09
32819,Tablet,Accessories,477,Supplier C,49,907.22
34536,Monitor,Computers,392,Supplier B,42,1423.53
55316,Keyboard,Accessories,315,Supplier A,47,455.68
74526,Monitor,Computers,443,Supplier B,49,1728.32
50811,Tablet,Accessories,112,Supplier A,32,696.51
50290,Monitor,Electronics,170,Supplier B,25,1991.21
16063,Keyboard,Electronics,422,Supplier A,20,479.43
81464,Smartphone,Electronics,269,Supplier C,20,1513.1
70519,Smartphone,Computers,55,Supplier A,10,1422.17
30159,Tablet,Computers,237,Supplier C,22,1553.54
59090,Smartphone,Accessories,406,Supplier A,37,555.37
67316,Monitor,Accessories,28,Supplier B,23,391.13
71422,Monitor,Computers,207,Supplier B,16,282.38
96753,Smartphone,Accessories,128,Supplier B,36,1997.97
87106,Tablet,Electronics,249,Supplier B,9,280.34
12954,Keyboard,Computers,22,Supplier A,6,1074.6
95269,Monitor,Accessories,400,Supplier B,13,1506.73
13437,Smartphone,Computers,100,Supplier B,25,446.6
36027,Monitor,Accessories,52,Supplier B,22,1311.13
49130,Monitor,Accessories,245,Supplier C,48,978.42
18798,Keyboard,Computers,390,Supplier A,49,957.72
32211,Tablet,Computers,187,Supplier B,49,925.46
97445,Keyboard,Electronics,250,Supplier B,27,137.75
81290,Keyboard,Computers,469,Supplier A,5,1992.99
54202,Keyboard,Electronics,389,Supplier B,48,1859.75
38761,Tablet,Computers,204,Supplier B,6,1461.93
30946,Smartphone,Computers,291,Supplier A,31,645.99
69122,Smartphone,Accessories,333,Supplier B,11,725.81
30488,Monitor,Computers,447,Supplier C,44,1852.22
20242,Monitor,Accessories,197,Supplier A,29,803.85
61371,Smartphone,Accessories,423,Supplier C,37,206.8
36105,Smartphone,Computers,136,Supplier C,43,1548.41
15114,Smartphone,Computers,78,Supplier C,15,83.81
44214,Tablet,Accessories,120,Supplier C,7,1970.75
10870,Tablet,Accessories,364,Supplier C,20,124.1
23693,Monitor,Computers,70,Supplier B,20,434.75
72562,Monitor,Computers,132,Supplier A,45,70.99
34415,Monitor,Electronics,181,Supplier B,25,1483.88
46020,Monitor,Electronics,142,Supplier B,38,1777.59
35816,Smartphone,Electronics,395,Supplier C,19,1183.03
29258,Laptop,Accessories,279,Supplier A,35,950.47
89813,Smartphone,Electronics,301,Supplier C,16,421.49
49495,Tablet,Computers,174,Supplier A,15,1286.93
24359,Laptop,Computers,363,Supplier A,14,442.43
70362,Keyboard,Computers,311,Supplier A,24,1641.54
25673,Smartphone,Accessories,208,Supplier B,10,398.26
47126,Monitor,Computers,29,Supplier B,13,1736.64
66511,Tablet,Accessories,267,Supplier B,32,1808.53
47486,Laptop,Computers,239,Supplier A,28,1883.93
24903,Smartphone,Electronics,270,Supplier A,24,577.97
19676,Smartphone,Accessories,422,Supplier B,14,1334.99
18569,Smartphone,Electronics,60,Supplier C,42,99.2
46460,Laptop,Electronics,201,Supplier C,17,459.66
22613,Monitor,Computers,378,Supplier C,47,824.53
44513,Smartphone,Electronics,435,Supplier C,15,197.65
65409,Laptop,Electronics,473,Supplier B,44,724.0
22195,Laptop,Computers,6,Supplier A,10,1432.41
17352,Monitor,Electronics,336,Supplier B,48,1007.74
83976,Keyboard,Electronics,499,Supplier A,40,489.96
30139,Tablet,Accessories,280,Supplier C,23,1861.79
73018,Laptop,Accessories,199,Supplier C,27,332.78
40709,Tablet,Computers,185,Supplier C,42,1910.65
48024,Keyboard,Computers,38,Supplier B,46,1081.2
91271,Smartphone,Computers,363,Supplier B,6,945.18
64019,Laptop,Electronics,490,Supplier B,8,1934.3
27512,Laptop,Electronics,115,Supplier B,38,1077.88
11794,Smartphone,Computers,219,Supplier A,14,1714.06
70273,Smartphone,Electronics,329,Supplier C,6,491.23
39179,Smartphone,Computers,339,Supplier B,12,359.0
81866,Monitor,Electronics,144,Supplier A,8,1563.83
15710,Monitor,Accessories,359,Supplier C,38,1854.11
54707,Smartphone,Computers,430,Supplier B,40,1246.16
21829,Laptop,Accessories,297,Supplier B,10,980.53
41265,Tablet,Electronics,355,Supplier A,25,1316.66
15546,Laptop,Computers,415,Supplier B,20,1590.8
52264,Tablet,Electronics,388,Supplier C,5,1219.37
31406,Monitor,Electronics,264,Supplier B,34,464.9
87698,Laptop,Computers,166,Supplier A,32,915.4
74786,Keyboard,Electronics,327,Supplier C,49,1854.49
52466,Tablet,Accessories,297,Supplier A,14,1476.62
30766,Tablet,Computers,438,Supplier C,46,390.5
95435,Keyboard,Accessories,172,Supplier A,39,1692.13
99900,Smartphone,Electronics,314,Supplier A,5,1931.15
79333,Laptop,Computers,104,Supplier B,10,738.15
44202,Smartphone,Computers,483,Supplier C,9,1192.77
32752,Tablet,Accessories,472,Supplier C,45,818.89
35037,Tablet,Computers,207,Supplier C,29,514.37
53114,Tablet,Accessories,169,Supplier B,21,1479.74
86767,Smartphone,Electronics,436,Supplier A,30,1690.99
98752,Laptop,Computers,50,Supplier B,11,594.48
37413,Keyboard,Electronics,499,Supplier C,28,823.44
67735,Tablet,Accessories,297,Supplier C,34,703.63
53806,Monitor,Electronics,36,Supplier C,48,713.32
11121,Laptop,Electronics,354,Supplier C,34,1292.41
21960,Laptop,Computers,17,Supplier A,34,75.38
87585,Laptop,Accessories,418,Supplier B,22,1415.35
50327,Smartphone,Electronics,348,Supplier C,34,1435.5
77524,Smartphone,Accessories,104,Supplier A,12,1250.48
74076,Tablet,Accessories,369,Supplier B,43,1781.24
26809,Monitor,Computers,215,Supplier A,37,141.1
51098,Smartphone,Electronics,135,Supplier C,29,237.54
88401,Smartphone,Accessories,221,Supplier C,17,1307.07
78099,Smartphone,Electronics,399,Supplier B,45,931.06
69746,Laptop,Electronics,85,Supplier B,14,1958.1
23451,Monitor,Computers,477,Supplier A,13,1459.87
94650,Laptop,Accessories,333,Supplier B,35,1060.67
22935,Smartphone,Electronics,297,Supplier A,11,1671.29
87107,Tablet,Accessories,260,Supplier A,11,289.15
40098,Keyboard,Computers,15,Supplier A,48,1633.41
97794,Monitor,Electronics,397,Supplier B,18,1893.82
81841,Tablet,Computers,47,Supplier A,37,1712.54
27688,Smartphone,Computers,34,Supplier B,42,498.44
26422,Tablet,Electronics,473,Supplier C,44,1205.73
87017,Tablet,Electronics,306,Supplier B,27,1921.34
31569,Keyboard,Electronics,174,Supplier A,14,539.42
52654,Laptop,Computers,376,Supplier A,15,1963.39
19170,Smartphone,Computers,94,Supplier C,31,1114.98
49302,Smartphone,Accessories,261,Supplier A,25,1942.16
41896,Tablet,Electronics,203,Supplier A,30,430.28
42656,Laptop,Electronics,381,Supplier A,7,861.47
67859,Monitor,Accessories,236,Supplier A,14,683.48
86071,Tablet,Computers,370,Supplier B,44,376.93
51943,Tablet,Computers,145,Supplier A,43,394.17
92499,Monitor,Computers,249,Supplier A,5,1039.7
95420,Laptop,Accessories,142,Supplier A,21,1169.91
88794,Tablet,Computers,476,Supplier B,5,320.72
85410,Laptop,Accessories,451,Supplier C,24,1448.73
29356,Keyboard,Computers,121,Supplier B,40,1395.01
13497,Monitor,Accessories,411,Supplier B,19,1617.84
25314,Smartphone,Electronics,14,Supplier B,7,1134.96
75907,Smartphone,Electronics,17,Supplier A,42,1448.11
68948,Monitor,Accessories,31,Supplier A,5,1027.13
78172,Laptop,Accessories,227,Supplier A,32,1111.9
16802,Smartphone,Computers,18,Supplier B,46,1281.94
94407,Smartphone,Electronics,396,Supplier C,8,734.34
95743,Laptop,Computers,428,Supplier C,40,1835.07
43052,Tablet,Accessories,62,Supplier B,38,1600.6
92068,Keyboard,Electronics,202,Supplier A,36,1383.0
99212,Keyboard,Accessories,360,Supplier B,28,74.33
28271,Tablet,Accessories,355,Supplier A,48,504.68
72365,Keyboard,Electronics,61,Supplier A,27,312.71
74842,Laptop,Accessories,333,Supplier B,42,677.71
82610,Laptop,Electronics,214,Supplier B,27,1436.22
50518,Tablet,Computers,341,Supplier C,39,1392.84
26097,Tablet,Accessories,252,Supplier B,34,1623.54
78584,Smartphone,Accessories,258,Supplier C,8,272.84
93605,Tablet,Computers,229,Supplier B,16,649.58
30563,Monitor,Computers,390,Supplier A,14,343.5
78142,Tablet,Computers,328,Supplier C,7,1756.35
33834,Keyboard,Electronics,440,Supplier C,30,1803.95
18953,Smartphone,Computers,155,Supplier C,12,911.62
78884,Tablet,Computers,297,Supplier C,10,228.57
25313,Laptop,Computers,142,Supplier A,25,1492.37
42192,Keyboard,Electronics,132,Supplier A,46,591.27
93135,Keyboard,Electronics,483,Supplier A,30,868.54
68386,Laptop,Electronics,330,Supplier A,28,923.22
44450,Tablet,Electronics,276,Supplier B,46,1194.14
69009,Monitor,Computers,27,Supplier B,9,567.38
63633,Keyboard,Electronics,45,Supplier C,48,1217.99
63013,Monitor,Electronics,224,Supplier A,39,616.34
77785,Keyboard,Accessories,102,Supplier C,36,267.92
52706,Keyboard,Computers,386,Supplier B,6,1080.66
45577,Tablet,Electronics,499,Supplier B,14,1337.86
31967,Laptop,Electronics,195,Supplier B,11,239.07
25027,Smartphone,Computers,69,Supplier C,42,313.6
59665,Smartphone,Computers,490,Supplier B,25,1423.43
82224,Laptop,Electronics,463,Supplier C,16,569.53
71334,Laptop,Accessories,495,Supplier C,49,691.46
23548,Smartphone,Accessories,404,Supplier B,31,80.3
73690,Smartphone,Accessories,443,Supplier A,8,910.26
11624,Tablet,Accessories,138,Supplier B,39,296.2
48583,Monitor,Electronics,124,Supplier A,27,106.57
11232,Monitor,Electronics,27,Supplier C,44,261.09
76469,Tablet,Accessories,329,Supplier C,31,334.2
82966,Keyboard,Electronics,135,Supplier A,22,756.84
55410,Monitor,Computers,452,Supplier A,23,187.98
97752,Monitor,Computers,237,Supplier C,42,1845.75
56313,Tablet,Computers,58,Supplier C,27,1327.78
97081,Tablet,Computers,235,Supplier C,39,1475.51
47953,Tablet,Accessories,109,Supplier A,10,1461.21
31450,Keyboard,Electronics,150,Supplier C,43,350.33
83479,Monitor,Computers,412,Supplier B,45,1643.94
12303,Keyboard,Computers,422,Supplier B,23,571.52
46288,Laptop,Computers,325,Supplier A,23,1418.9
78315,Keyboard,Accessories,112,Supplier B,11,1723.28
22728,Monitor,Electronics,293,Supplier C,36,1949.79
95705,Laptop,Computers,200,Supplier C,29,73.58
77056,Tablet,Computers,30,Supplier B,23,878.18
24760,Keyboard,Computers,368,Supplier C,13,781.52
99187,Keyboard,Electronics,84,Supplier B,27,1419.03
30697,Tablet,Accessories,41,Supplier C,17,1365.78
67933,Smartphone,Accessories,140,Supplier B,9,1255.65
22139,Tablet,Computers,309,Supplier B,27,1293.43
34960,Laptop,Electronics,4,Supplier A,18,93.24
88471,Smartphone,Electronics,284,Supplier A,37,667.42
93473,Tablet,Accessories,161,Supplier C,20,810.94
12757,Smartphone,Electronics,229,Supplier A,10,611.05
26747,Tablet,Accessories,143,Supplier C,45,975.54
45156,Smartphone,Electronics,321,Supplier C,42,537.98
22206,Laptop,Computers,60,Supplier A,43,84.74
21919,Tablet,Computers,344,Supplier A,10,640.96
79070,Keyboard,Computers,182,Supplier A,13,664.36
72598,Laptop,Computers,468,Supplier A,41,1011.34
46494,Laptop,Electronics,110,Supplier A,26,1561.41
55337,Tablet,Computers,490,Supplier B,33,1260.08
27264,Tablet,Computers,44,Supplier C,24,1393.48
58523,Laptop,Electronics,404,Supplier B,25,1427.65
46846,Keyboard,Accessories,65,Supplier C,29,1056.6
65855,Smartphone,Computers,477,Supplier A,19,666.38
87990,Laptop,Electronics,397,Supplier C,11,387.73
52793,Monitor,Computers,169,Supplier C,49,418.5
43354,Smartphone,Electronics,423,Supplier C,31,863.76
76356,Tablet,Computers,406,Supplier A,34,1851.36
53576,Laptop,Computers,211,Supplier B,33,1859.39
62382,Laptop,Electronics,218,Supplier A,13,823.23
49652,Smartphone,Computers,74,Supplier B,8,1432.18
67370,Tablet,Accessories,278,Supplier A,20,1092.76
41623,Tablet,Accessories,85,Supplier B,29,1801.85
21622,Tablet,Electronics,481,Supplier A,7,1275.06
81197,Smartphone,Accessories,379,Supplier C,17,1565.26
55809,Laptop,Accessories,476,Supplier B,18,956.02
51182,Smartphone,Computers,319,Supplier C,39,835.03
88374,Laptop,Electronics,370,Supplier A,45,1431.72
71774,Smartphone,Accessories,157,Supplier A,11,181.1
49422,Monitor,Computers,418,Supplier A,9,1072.65
96024,Keyboard,Computers,450,Supplier B,18,1558.27
80583,Keyboard,Accessories,143,Supplier B,32,674.02
14785,Keyboard,Accessories,208,Supplier B,39,1963.12
52266,Smartphone,Computers,394,Supplier C,22,294.02
81295,Laptop,Accessories,282,Supplier B,16,961.94
88721,Laptop,Computers,472,Supplier C,10,1091.08
81307,Tablet,Accessories,219,Supplier B,14,684.44
12357,Monitor,Electronics,354,Supplier A,29,500.87
97268,Tablet,Electronics,362,Supplier B,31,280.59
88892,Tablet,Computers,251,Supplier A,43,195.6
88141,Monitor,Computers,140,Supplier A,46,1883.83
70328,Monitor,Computers,461,Supplier B,44,1629.98
91865,Laptop,Computers,397,Supplier C,22,1260.77
28920,Smartphone,Accessories,129,Supplier C,40,1288.68
89400,Tablet,Electronics,235,Supplier B,29,1619.99
54626,Keyboard,Electronics,258,Supplier C,11,1654.43
19604,Laptop,Electronics,73,Supplier A,26,517.81
95811,Tablet,Computers,171,Supplier C,33,262.17
25227,Monitor,Computers,168,Supplier A,21,1341.39
16796,Keyboard,Accessories,7,Supplier B,40,269.48
38208,Monitor,Electronics,176,Supplier C,31,1441.53
95513,Smartphone,Computers,380,Supplier C,9,1797.49
45523,Smartphone,Accessories,70,Supplier A,34,811.95
97220,Smartphone,Accessories,217,Supplier C,12,1006.53
31326,Smartphone,Computers,18,Supplier C,44,1502.06
98920,Keyboard,Electronics,215,Supplier B,34,929.89
80207,Tablet,Electronics,497,Supplier B,32,1813.86
25220,Tablet,Accessories,291,Supplier C,30,600.76
24872,Smartphone,Accessories,27,Supplier C,22,586.53
71685,Laptop,Computers,373,Supplier A,29,1339.21
79111,Monitor,Computers,368,Supplier C,14,98.02
58693,Smartphone,Electronics,77,Supplier B,13,1568.76
58081,Smartphone,Accessories,231,Supplier B,32,819.37
71816,Monitor,Accessories,468,Supplier C,32,1197.94
95485,Tablet,Electronics,44,Supplier C,39,210.55
12138,Keyboard,Accessories,255,Supplier B,26,448.98
83135,Tablet,Electronics,164,Supplier A,17,1342.36
66715,Tablet,Electronics,391,Supplier B,8,364.94
40281,Monitor,Accessories,298,Supplier C,43,179.72
53959,Keyboard,Accessories,299,Supplier B,9,163.26
56802,Keyboard,Computers,277,Supplier B,26,212.01
48677,Tablet,Electronics,304,Supplier A,32,1424.76
73781,Keyboard,Electronics,142,Supplier C,28,701.81
58070,Laptop,Accessories,401,Supplier A,33,803.0
11384,Keyboard,Computers,278,Supplier C,15,898.75
41898,Laptop,Accessories,453,Supplier A,29,1066.32
55031,Keyboard,Accessories,214,Supplier C,49,159.17
52672,Smartphone,Computers,159,Supplier C,30,184.5
43128,Keyboard,Computers,477,Supplier A,25,901.86
83568,Tablet,Electronics,10,Supplier A,22,156.68
89743,Monitor,Computers,445,Supplier A,15,1491.67
23943,Monitor,Electronics,239,Supplier A,19,523.92
30728,Laptop,Electronics,239,Supplier B,42,637.08
81208,Laptop,Electronics,456,Supplier A,28,1050.54
26123,Monitor,Computers,274,Supplier C,22,690.76
76108,Keyboard,Accessories,190,Supplier C,14,928.21
44750,Smartphone,Electronics,186,Supplier A,33,1872.25
52303,Tablet,Computers,264,Supplier A,46,846.56
42263,Keyboard,Accessories,302,Supplier B,6,676.33
36997,Monitor,Electronics,279,Supplier C,15,1261.95
40795,Laptop,Electronics,133,Supplier A,37,1735.46
76824,Keyboard,Computers,218,Supplier C,45,318.99
60826,Monitor,Electronics,483,Supplier C,5,1491.1
81409,Smartphone,Electronics,475,Supplier C,37,1169.98
58144,Tablet,Electronics,374,Supplier C,19,1195.15
53842,Keyboard,Accessories,400,Supplier B,14,1818.32
62680,Laptop,Computers,193,Supplier C,40,289.87
79599,Laptop,Accessories,57,Supplier B,12,1634.7
20602,Monitor,Electronics,175,Supplier A,30,1244.87
36300,Smartphone,Computers,499,Supplier C,44,619.81
24365,Tablet,Accessories,408,Supplier B,8,119.98
25465,Tablet,Accessories,342,Supplier A,9,122.12
95805,Laptop,Computers,418,Supplier B,17,1167.91
27339,Monitor,Electronics,470,Supplier C,40,874.82
47463,Keyboard,Computers,288,Supplier A,37,1091.33
75014,Laptop,Electronics,441,Supplier B,33,1601.55
73874,Keyboard,Computers,368,Supplier B,34,96.42
13378,Tablet,Electronics,413,Supplier C,20,153.97
41826,Tablet,Electronics,256,Supplier B,48,1987.05
57400,Keyboard,Accessories,342,Supplier A,26,1965.67
44098,Tablet,Computers,255,Supplier C,44,1974.81
39204,Tablet,Accessories,116,Supplier A,36,369.5
12044,Smartphone,Accessories,74,Supplier C,15,1195.64
34358,Tablet,Accessories,318,Supplier A,22,1022.48
76786,Keyboard,Electronics,426,Supplier A,25,1602.39
61922,Tablet,Electronics,209,Supplier B,30,1893.83
85504,Laptop,Electronics,392,Supplier B,16,740.98
91410,Tablet,Computers,9,Supplier C,30,1620.52
22005,Monitor,Electronics,149,Supplier A,9,106.38
30072,Keyboard,Electronics,124,Supplier C,34,727.29
75727,Monitor,Computers,115,Supplier A,12,1044.65
73769,Monitor,Computers,240,Supplier A,22,1595.78
27812,Tablet,Computers,439,Supplier B,21,432.01
25084,Smartphone,Computers,391,Supplier C,33,1912.18
67548,Tablet,Electronics,354,Supplier A,13,1087.08
77933,Keyboard,Accessories,318,Supplier C,33,1552.0
48712,Keyboard,Electronics,251,Supplier B,45,458.46
23799,Tablet,Accessories,335,Supplier B,18,485.84
59291,Keyboard,Computers,234,Supplier A,42,1204.36
78757,Monitor,Accessories,103,Supplier A,29,898.66
19597,Keyboard,Computers,121,Supplier B,47,563.25
12891,Monitor,Computers,127,Supplier B,31,933.97
46772,Smartphone,Accessories,121,Supplier C,34,1655.45
67919,Tablet,Accessories,2,Supplier B,37,1362.3
22165,Tablet,Computers,120,Supplier B,24,1635.0
87685,Keyboard,Electronics,205,Supplier B,6,225.69
84645,Monitor,Computers,422,Supplier C,31,455.43
34037,Tablet,Computers,369,Supplier B,15,238.02
97486,Tablet,Accessories,425,Supplier B,17,1981.74
61124,Monitor,Computers,320,Supplier C,36,1024.32
53800,Monitor,Computers,318,Supplier C,38,687.86
39985,Tablet,Accessories,324,Supplier C,22,1498.11
62055,Smartphone,Accessories,391,Supplier C,17,1897.26
16330,Tablet,Electronics,456,Supplier B,46,836.79
99004,Smartphone,Computers,256,Supplier A,26,405.06
37741,Keyboard,Accessories,134,Supplier B,29,511.47
24835,Smartphone,Electronics,129,Supplier C,36,1658.54
34297,Laptop,Electronics,19,Supplier A,24,1506.73
84874,Laptop,Computers,164,Supplier A,45,1581.04
11945,Keyboard,Electronics,112,Supplier A,6,82.13
15064,Monitor,Computers,342,Supplier B,39,1837.41
37878,Keyboard,Accessories,464,Supplier B,10,1470.21
50312,Smartphone,Electronics,198,Supplier B,38,264.28
94770,Monitor,Electronics,436,Supplier A,11,1282.11
21244,Smartphone,Electronics,44,Supplier C,38,1222.35
95332,Monitor,Electronics,50,Supplier C,11,1850.41
17833,Monitor,Electronics,14,Supplier B,17,345.24
44736,Monitor,Computers,84,Supplier B,45,121.59
50294,Tablet,Accessories,481,Supplier C,47,422.78
47537,Tablet,Electronics,454,Supplier B,14,324.31
72999,Monitor,Computers,358,Supplier C,12,660.06
64784,Smartphone,Accessories,139,Supplier C,11,1236.29
57410,Keyboard,Computers,350,Supplier A,8,1650.85
27450,Keyboard,Accessories,247,Supplier A,43,663.74
62432,Monitor,Computers,12,Supplier A,44,1175.09
40714,Laptop,Computers,237,Supplier B,47,874.91
73200,Laptop,Electronics,0,Supplier C,11,1767.73
64607,Tablet,Electronics,280,Supplier C,20,392.04
44603,Tablet,Accessories,340,Supplier C,39,1412.52
70543,Smartphone,Computers,465,Supplier A,23,1870.93
14437,Keyboard,Accessories,438,Supplier A,41,1095.82
18504,Laptop,Accessories,160,Supplier A,8,464.19
33775,Monitor,Accessories,199,Supplier B,15,1524.73
91048,Keyboard,Computers,306,Supplier C,33,86.76
93765,Smartphone,Computers,374,Supplier C,28,594.33
72710,Keyboard,Accessories,218,Supplier A,26,1432.28
58644,Smartphone,Computers,218,Supplier A,28,1747.79
94703,Monitor,Electronics,154,Supplier A,48,1335.41
70640,Tablet,Computers,5,Supplier A,45,1585.66
40261,Smartphone,Electronics,121,Supplier C,37,1576.32
61976,Smartphone,Accessories,179,Supplier A,29,1392.24
90235,Smartphone,Accessories,65,Supplier C,42,1706.9
95673,Laptop,Accessories,31,Supplier A,24,90.03
47613,Smartphone,Accessories,246,Supplier A,34,493.34
34720,Smartphone,Accessories,0,Supplier C,9,229.34
87033,Laptop,Accessories,453,Supplier A,21,1847.37
19639,Laptop,Accessories,224,Supplier A,19,1748.47
66358,Monitor,Computers,224,Supplier C,19,1679.48
33827,Keyboard,Electronics,42,Supplier A,38,1787.95
95010,Monitor,Electronics,342,Supplier C,21,242.4
34415,Monitor,Electronics,235,Supplier B,48,1834.37
75580,Smartphone,Electronics,99,Supplier C,13,1092.39
79785,Laptop,Electronics,91,Supplier C,47,722.3
20031,Laptop,Computers,22,Supplier A,24,658.26
97199,Monitor,Accessories,190,Supplier B,12,549.42
97360,Laptop,Computers,143,Supplier A,16,370.34
33906,Monitor,Electronics,54,Supplier A,34,1843.44
96153,Monitor,Electronics,354,Supplier A,11,1561.51
85379,Smartphone,Accessories,288,Supplier C,24,283.88
64141,Keyboard,Computers,55,Supplier C,11,990.65
96358,Laptop,Electronics,295,Supplier A,30,382.94
46064,Smartphone,Computers,375,Supplier A,42,1294.47
12465,Tablet,Accessories,429,Supplier A,6,439.37
66019,Tablet,Accessories,264,Supplier C,29,1326.08
66444,Keyboard,Accessories,433,Supplier C,31,682.76
47940,Monitor,Computers,205,Supplier A,28,1465.09
30638,Keyboard,Electronics,349,Supplier A,24,1546.13
24398,Smartphone,Accessories,29,Supplier A,32,1106.18
80215,Laptop,Electronics,307,Supplier A,27,1990.16
57871,Monitor,Electronics,223,Supplier C,25,1663.36
64508,Smartphone,Accessories,348,Supplier C,42,1221.25
74589,Laptop,Computers,55,Supplier C,17,365.95
64959,Keyboard,Accessories,473,Supplier C,38,831.34
41428,Monitor,Accessories,40,Supplier A,12,1439.03
34159,Tablet,Electronics,492,Supplier C,22,421.01
74557,Smartphone,Accessories,195,Supplier A,46,1332.32
27480,Monitor,Electronics,460,Supplier C,35,433.77
73113,Keyboard,Electronics,386,Supplier A,33,1791.99
99663,Keyboard,Electronics,51,Supplier C,42,1396.93
92449,Keyboard,Computers,263,Supplier B,25,267.6
34637,Monitor,Computers,146,Supplier B,27,1648.16
52313,Smartphone,Electronics,499,Supplier A,11,1715.26
41623,Keyboard,Computers,15,Supplier C,7,1182.06
97387,Keyboard,Computers,219,Supplier A,44,1089.4
37113,Laptop,Electronics,293,Supplier B,47,1909.58
21360,Smartphone,Computers,198,Supplier B,47,1676.54
30041,Keyboard,Accessories,467,Supplier A,13,1925.54
92140,Monitor,Accessories,88,Supplier B,39,859.0
31632,Laptop,Accessories,346,Supplier C,9,1162.03
11851,Tablet,Accessories,70,Supplier A,43,59.61
59242,Monitor,Computers,286,Supplier A,37,866.17
64098,Monitor,Accessories,333,Supplier C,8,1534.96
56890,Smartphone,Electronics,352,Supplier C,36,335.34
13468,Smartphone,Computers,137,Supplier A,34,1423.83
80890,Laptop,Computers,145,Supplier A,13,1748.39
50679,Monitor,Electronics,93,Supplier C,19,585.87
63242,Monitor,Accessories,48,Supplier C,40,1267.58
14622,Smartphone,Electronics,492,Supplier A,20,229.08
89318,Tablet,Computers,274,Supplier B,17,355.64
23194,Monitor,Electronics,81,Supplier A,9,1195.18
62304,Laptop,Electronics,386,Supplier A,33,869.52
39059,Monitor,Computers,360,Supplier B,19,1791.42
84225,Tablet,Electronics,185,Supplier A,6,1472.31
74578,Keyboard,Computers,64,Supplier C,5,1567.24
88888,Laptop,Electronics,254,Supplier C,26,1259.09
61305,Tablet,Electronics,350,Supplier A,16,277.72
88674,Monitor,Accessories,199,Supplier C,5,625.27
50355,Keyboard,Computers,13,Supplier B,10,1660.13
74231,Keyboard,Computers,421,Supplier C,8,821.33
67078,Laptop,Computers,129,Supplier C,27,255.39
98231,Keyboard,Accessories,71,Supplier A,16,1978.55
40027,Tablet,Computers,201,Supplier C,41,1719.01
26717,Keyboard,Accessories,499,Supplier A,48,823.69
67400,Monitor,Computers,113,Supplier C,12,976.44
12102,Laptop,Computers,409,Supplier C,11,476.78
66954,Keyboard,Computers,455,Supplier A,7,1605.1
63312,Laptop,Computers,65,Supplier C,27,1715.18
85351,Laptop,Electronics,31,Supplier B,42,65.41
84606,Keyboard,Computers,464,Supplier B,29,1794.42
74358,Tablet,Accessories,318,Supplier A,21,1149.81
16923,Monitor,Computers,233,Supplier B,9,463.25
93896,Tablet,Computers,390,Supplier C,27,895.05
86452,Tablet,Electronics,484,Supplier C,37,1526.95
99810,Tablet,Electronics,299,Supplier B,33,1880.33
23173,Laptop,Computers,191,Supplier C,37,996.8
80824,Keyboard,Computers,224,Supplier B,44,1439.28
42664,Monitor,Computers,443,Supplier A,32,273.15
40128,Laptop,Accessories,490,Supplier C,13,1481.56
22056,Laptop,Computers,124,Supplier A,19,868.58
37795,Tablet,Electronics,332,Supplier B,6,495.22
77783,Tablet,Computers,195,Supplier A,44,550.17
16331,Tablet,Computers,90,Supplier C,26,345.52
49967,Smartphone,Accessories,452,Supplier B,45,1576.04
94054,Monitor,Electronics,366,Supplier B,10,253.84
73145,Tablet,Accessories,176,Supplier B,15,466.44
59163,Smartphone,Electronics,435,Supplier A,47,1368.21
24286,Laptop,Computers,325,Supplier B,44,937.96
26710,Keyboard,Electronics,96,Supplier A,28,1160.26
50960,Laptop,Accessories,273,Supplier C,10,1899.58
84685,Laptop,Accessories,403,Supplier B,36,841.68
12665,Tablet,Accessories,88,Supplier B,9,422.42
81030,Laptop,Electronics,244,Supplier B,19,427.86
61831,Laptop,Computers,241,Supplier A,27,140.32
30029,Monitor,Accessories,370,Supplier A,47,609.52
25809,Monitor,Electronics,15,Supplier A,48,750.13
91228,Laptop,Accessories,216,Supplier A,16,199.03
57329,Keyboard,Electronics,53,Supplier B,13,895.13
55361,Smartphone,Computers,59,Supplier C,12,1518.91
32318,Keyboard,Electronics,391,Supplier A,46,1072.52
29987,Monitor,Accessories,333,Supplier C,16,1689.14
30402,Keyboard,Electronics,377,Supplier B,43,960.53
84248,Tablet,Computers,391,Supplier C,26,817.52
61292,Laptop,Accessories,328,Supplier A,26,890.62
98020,Laptop,Electronics,225,Supplier C,26,956.78
25103,Keyboard,Electronics,267,Supplier A,44,1079.2
32892,Keyboard,Computers,372,Supplier B,21,177.92
48595,Smartphone,Computers,76,Supplier B,39,789.43
86944,Smartphone,Accessories,180,Supplier A,18,1232.17
86484,Tablet,Computers,132,Supplier B,5,1916.81
77392,Tablet,Accessories,341,Supplier A,47,1182.88
46583,Smartphone,Electronics,115,Supplier B,16,657.89
28780,Keyboard,Accessories,217,Supplier A,34,744.58
73404,Monitor,Electronics,378,Supplier B,17,1144.79
64277,Laptop,Computers,111,Supplier A,5,900.06
98823,Laptop,Accessories,443,Supplier A,10,1092.97
77854,Monitor,Electronics,210,Supplier A,17,169.18
11626,Keyboard,Computers,419,Supplier A,12,722.55
20194,Laptop,Computers,63,Supplier A,8,1780.72
11009,Tablet,Computers,424,Supplier B,43,1227.2
83706,Monitor,Electronics,63,Supplier C,28,1626.58
27344,Laptop,Electronics,385,Supplier B,49,861.08
48221,Keyboard,Electronics,335,Supplier C,38,419.18
64999,Laptop,Accessories,437,Supplier A,48,1837.71
65885,Smartphone,Computers,90,Supplier B,22,1715.56
78593,Monitor,Computers,124,Supplier B,23,1847.01
33701,Keyboard,Electronics,474,Supplier C,19,404.09
63640,Monitor,Computers,380,Supplier B,39,187.34
17025,Laptop,Accessories,469,Supplier C,32,868.67
23903,Monitor,Computers,423,Supplier B,16,1020.26
24800,Keyboard,Accessories,283,Supplier C,49,1699.12
97034,Tablet,Accessories,464,Supplier B,28,315.34
22390,Monitor,Accessories,107,Supplier A,40,359.81
64952,Tablet,Electronics,439,Supplier A,12,499.44
14050,Keyboard,Computers,90,Supplier A,18,1291.69
93721,Laptop,Electronics,3,Supplier C,7,1983.98
89890,Smartphone,Electronics,330,Supplier C,16,847.45
94174,Keyboard,Computers,165,Supplier C,45,785.39
19894,Monitor,Accessories,13,Supplier C,23,1084.1
81503,Keyboard,Accessories,384,Supplier A,12,384.68
79686,Laptop,Computers,225,Supplier B,37,1119.67
34140,Keyboard,Accessories,233,Supplier C,35,1339.5
47038,Laptop,Accessories,337,Supplier A,43,992.66
91398,Keyboard,Computers,144,Supplier A,12,894.95
70729,Smartphone,Computers,481,Supplier C,41,971.56
44483,Laptop,Electronics,469,Supplier C,32,1893.61
90869,Smartphone,Computers,306,Supplier B,18,582.75
39444,Smartphone,Accessories,13,Supplier C,44,1398.31
85088,Laptop,Accessories,417,Supplier B,15,1047.81
52998,Smartphone,Computers,234,Supplier C,41,50.52
56062,Smartphone,Electronics,110,Supplier A,43,872.75
23960,Tablet,Electronics,295,Supplier B,47,1049.7
82720,Keyboard,Accessories,285,Supplier A,18,1580.07
94330,Smartphone,Computers,259,Supplier A,33,1684.78
79145,Keyboard,Electronics,102,Supplier C,15,1212.28
77768,Monitor,Accessories,222,Supplier C,46,1458.84
88890,Laptop,Electronics,415,Supplier A,31,463.82
14893,Keyboard,Electronics,275,Supplier A,25,858.39
37626,Tablet,Electronics,164,Supplier C,21,1796.37
31618,Laptop,Accessories,189,Supplier B,16,62.99
57602,Keyboard,Computers,59,Supplier C,17,483.91
16126,Smartphone,Computers,454,Supplier C,8,437.35
83028,Smartphone,Accessories,101,Supplier A,15,184.37
86635,Monitor,Electronics,493,Supplier C,40,905.06
96566,Tablet,Accessories,240,Supplier A,37,1009.64
72047,Tablet,Accessories,164,Supplier C,43,688.52
55789,Laptop,Electronics,400,Supplier B,12,955.79
60204,Smartphone,Computers,4,Supplier A,36,1047.19
34817,Smartphone,Computers,288,Supplier C,16,931.2
80564,Smartphone,Electronics,134,Supplier B,20,642.45
26148,Smartphone,Accessories,99,Supplier A,31,1524.42
49251,Monitor,Accessories,89,Supplier B,27,1301.89
52603,Tablet,Computers,347,Supplier A,21,1195.65
21282,Tablet,Accessories,470,Supplier C,14,1892.94
18576,Monitor,Electronics,424,Supplier B,32,522.14
81463,Keyboard,Accessories,414,Supplier C,49,1609.04
21560,Keyboard,Computers,283,Supplier A,38,1611.75
89848,Laptop,Electronics,352,Supplier C,39,559.71
39988,Smartphone,Computers,223,Supplier B,36,1305.29
10697,Smartphone,Accessories,98,Supplier C,48,807.75
36594,Laptop,Computers,405,Supplier A,39,133.11
11777,Tablet,Accessories,267,Supplier A,47,487.87
14828,Tablet,Electronics,387,Supplier C,41,104.34
