SessionID,UserID,PageVisited,SessionDuration,Device,Browser
492007,55594,Checkout,570.25,Tablet,Firefox
925073,95702,Support,570.25,Mobile,Firefox
155929,55932,Support,570.25,Desktop,Firefox
745366,88614,Support,570.25,Mobile,Safari
204791,51640,Checkout,570.25,Desktop,Safari
886658,95206,Support,570.25,Tablet,Firefox
732641,12661,Support,570.25,Tablet,Edge
339501,27624,Checkout,570.25,Desktop,Safari
983626,54151,Home,570.25,Mobile,Chrome
354869,70098,Checkout,570.25,Desktop,Firefox
186292,26750,Home,570.25,Mobile,Firefox
489685,88998,Product Page,570.25,Mobile,Firefox
380895,29350,Home,570.25,Tablet,Chrome
865771,68669,Home,570.25,Tablet,Edge
955106,37356,Cart,570.25,Mobile,Firefox
445000,98563,Home,570.25,Mobile,Firefox
175198,60291,Cart,570.25,Tablet,Edge
541040,57496,Product Page,570.25,Mobile,Safari
481213,60649,Support,570.25,Tablet,Firefox
212101,40364,Home,570.25,Mobile,Firefox
875583,72464,Cart,570.25,Tablet,Safari
523375,61376,Checkout,570.25,Tablet,Firefox
326090,76390,Product Page,570.25,Mobile,Firefox
398969,60074,Home,570.25,Desktop,Safari
843442,32217,Cart,570.25,Tablet,Edge
917003,30157,Checkout,570.25,Mobile,Firefox
668659,94962,Support,570.25,Mobile,Chrome
922864,27763,Product Page,570.25,Tablet,Edge
809560,59851,Support,570.25,Desktop,Firefox
414764,30360,Home,570.25,Desktop,Chrome
308135,84737,Home,570.25,Desktop,Edge
436931,73431,Support,570.25,Desktop,Chrome
168195,76515,Checkout,570.25,Mobile,Chrome
507822,68062,Support,570.25,Desktop,Edge
595478,43612,Home,570.25,Mobile,Safari
280631,18192,Cart,570.25,Desktop,Edge
417335,77366,Support,570.25,Desktop,Firefox
678833,80541,Home,570.25,Tablet,Firefox
743131,38726,Support,570.25,Mobile,Edge
966677,91359,Home,570.25,Tablet,Firefox
170071,23580,Home,570.25,Mobile,Safari
305935,21524,Home,570.25,Desktop,Edge
786634,27241,Home,570.25,Tablet,Firefox
722547,57574,Cart,570.25,Tablet,Firefox
293877,79615,Product Page,570.25,Desktop,Safari
193726,64748,Product Page,570.25,Tablet,Firefox
626884,26549,Cart,570.25,Tablet,Firefox
585321,82394,Product Page,570.25,Desktop,Firefox
822622,32748,Support,570.25,Mobile,Chrome
737560,10693,Cart,570.25,Mobile,Edge
822139,91801,Checkout,570.25,Tablet,Chrome
419562,89787,Home,570.25,Mobile,Chrome
548790,88811,Product Page,570.25,Mobile,Edge
453052,96081,Support,570.25,Tablet,Chrome
674586,61595,Home,570.25,Desktop,Firefox
419413,60369,Support,570.25,Tablet,Firefox
392035,40806,Product Page,570.25,Tablet,Edge
659048,50064,Cart,570.25,Desktop,Firefox
940350,29723,Cart,570.25,Tablet,Edge
485875,65719,Cart,570.25,Mobile,Firefox
819290,35969,Cart,570.25,Desktop,Chrome
324323,55851,Product Page,570.25,Desktop,Chrome
917825,81985,Checkout,570.25,Desktop,Safari
311375,33466,Support,570.25,Desktop,Chrome
216562,12647,Product Page,570.25,Desktop,Chrome
826872,26139,Home,570.25,Desktop,Edge
441124,40552,Product Page,570.25,Desktop,Chrome
652106,51298,Checkout,570.25,Tablet,Edge
766925,44733,Home,570.25,Desktop,Firefox
529430,85580,Home,570.25,Mobile,Firefox
249028,91849,Cart,570.25,Tablet,Firefox
477390,48849,Checkout,570.25,Tablet,Edge
459575,55970,Checkout,570.25,Tablet,Firefox
761013,12518,Support,570.25,Tablet,Edge
558064,64552,Product Page,570.25,Tablet,Firefox
183716,87299,Home,570.25,Desktop,Edge
933743,23240,Product Page,570.25,Tablet,Firefox
883563,42297,Cart,570.25,Mobile,Safari
627621,88192,Cart,570.25,Tablet,Chrome
868002,12536,Cart,570.25,Desktop,Safari
695836,42261,Product Page,570.25,Desktop,Edge
208228,55359,Home,570.25,Tablet,Firefox
270389,32317,Cart,570.25,Desktop,Safari
267966,36863,Checkout,570.25,Tablet,Safari
256541,87472,Support,570.25,Desktop,Edge
567114,93845,Support,570.25,Desktop,Firefox
819983,81699,Support,570.25,Mobile,Chrome
900127,88604,Home,570.25,Tablet,Edge
578235,51509,Cart,570.25,Tablet,Firefox
847271,51393,Product Page,570.25,Mobile,Chrome
477372,52261,Checkout,570.25,Mobile,Edge
848822,72233,Home,570.25,Desktop,Edge
879750,12758,Cart,570.25,Desktop,Edge
763239,43241,Support,570.25,Mobile,Edge
614840,51773,Checkout,570.25,Desktop,Safari
801372,64247,Home,570.25,Mobile,Edge
435412,67112,Cart,570.25,Mobile,Safari
766313,56021,Home,570.25,Mobile,Firefox
828912,14391,Cart,570.25,Desktop,Edge
120462,44548,Product Page,570.25,Desktop,Firefox
925639,88733,Checkout,570.25,Desktop,Firefox
524302,23282,Checkout,570.25,Desktop,Safari
330526,12731,Home,570.25,Desktop,Edge
841603,52502,Home,570.25,Desktop,Firefox
952932,23619,Home,570.25,Mobile,Edge
538251,77102,Product Page,570.25,Mobile,Edge
792342,30558,Product Page,570.25,Desktop,Firefox
820164,77901,Product Page,570.25,Desktop,Edge
611897,74192,Support,570.25,Mobile,Firefox
355069,39812,Home,570.25,Mobile,Edge
559132,96494,Support,570.25,Mobile,Edge
887712,85644,Checkout,570.25,Tablet,Chrome
403417,88933,Home,570.25,Tablet,Safari
512338,54567,Home,570.25,Desktop,Chrome
303333,69972,Support,570.25,Mobile,Safari
559386,91258,Checkout,570.25,Tablet,Edge
791360,34160,Home,570.25,Tablet,Edge
961906,29335,Checkout,570.25,Tablet,Firefox
660990,85200,Cart,570.25,Desktop,Chrome
629354,95014,Product Page,570.25,Desktop,Safari
605117,92065,Product Page,570.25,Mobile,Chrome
681570,37934,Cart,570.25,Mobile,Firefox
933140,73101,Support,570.25,Mobile,Firefox
254657,15246,Support,570.25,Mobile,Chrome
761728,28892,Support,570.25,Tablet,Chrome
819343,56983,Home,570.25,Tablet,Chrome
705631,65095,Support,570.25,Tablet,Firefox
253944,96099,Cart,570.25,Desktop,Chrome
335362,63761,Support,570.25,Desktop,Edge
713435,81478,Cart,570.25,Tablet,Chrome
892571,13673,Checkout,570.25,Desktop,Chrome
226330,67107,Home,570.25,Mobile,Firefox
223778,54781,Checkout,570.25,Tablet,Firefox
157687,12171,Support,570.25,Mobile,Safari
250864,31954,Checkout,570.25,Desktop,Edge
964499,31653,Product Page,570.25,Desktop,Chrome
497879,29090,Support,570.25,Desktop,Edge
918705,90173,Home,570.25,Mobile,Edge
767698,22143,Cart,570.25,Tablet,Firefox
519930,60744,Home,570.25,Tablet,Edge
815882,69175,Support,570.25,Mobile,Chrome
965992,14139,Cart,570.25,Tablet,Chrome
185000,37842,Cart,570.25,Desktop,Edge
956331,12170,Support,570.25,Tablet,Edge
586610,95582,Checkout,570.25,Desktop,Safari
322937,34807,Home,570.25,Desktop,Firefox
380394,29909,Support,570.25,Mobile,Safari
792901,24280,Checkout,570.25,Desktop,Firefox
368710,90743,Support,570.25,Tablet,Edge
675825,31088,Checkout,570.25,Tablet,Firefox
376855,57779,Product Page,570.25,Tablet,Firefox
890628,92940,Product Page,570.25,Desktop,Firefox
710635,66194,Support,570.25,Desktop,Firefox
859365,83244,Home,570.25,Mobile,Chrome
875552,58091,Support,570.25,Tablet,Safari
117088,81095,Product Page,570.25,Mobile,Safari
339274,21506,Checkout,570.25,Mobile,Chrome
628430,89180,Checkout,570.25,Desktop,Safari
145300,35256,Cart,570.25,Tablet,Firefox
752589,13195,Home,570.25,Tablet,Safari
273148,44493,Support,570.25,Desktop,Chrome
969117,44095,Product Page,570.25,Mobile,Edge
339872,80613,Checkout,570.25,Tablet,Safari
301011,28275,Product Page,570.25,Tablet,Edge
191611,41680,Product Page,570.25,Desktop,Firefox
428220,16724,Cart,570.25,Mobile,Chrome
968228,14460,Support,570.25,Mobile,Edge
182360,84473,Cart,570.25,Tablet,Chrome
197541,80456,Home,570.25,Desktop,Chrome
358098,60134,Cart,570.25,Desktop,Chrome
618847,76059,Cart,570.25,Tablet,Edge
395095,95308,Support,570.25,Tablet,Edge
781995,92865,Cart,570.25,Tablet,Firefox
561495,59804,Checkout,570.25,Desktop,Safari
778794,15706,Support,570.25,Mobile,Edge
146586,39442,Product Page,570.25,Tablet,Firefox
119259,35692,Home,570.25,Desktop,Chrome
577387,77000,Home,570.25,Mobile,Edge
752626,65152,Cart,570.25,Tablet,Chrome
115539,45569,Home,570.25,Desktop,Safari
173865,81220,Home,570.25,Tablet,Firefox
667620,89633,Home,570.25,Desktop,Firefox
993405,16377,Home,570.25,Desktop,Safari
364960,77242,Cart,570.25,Mobile,Edge
715020,66687,Support,570.25,Tablet,Firefox
565912,63533,Product Page,570.25,Mobile,Safari
248027,75816,Home,570.25,Mobile,Chrome
509666,85028,Home,570.25,Tablet,Safari
510618,16336,Home,570.25,Desktop,Firefox
206841,30317,Support,570.25,Mobile,Edge
350316,97901,Product Page,570.25,Tablet,Chrome
731122,99952,Checkout,570.25,Tablet,Chrome
872087,15407,Support,570.25,Tablet,Edge
882556,28118,Home,570.25,Mobile,Chrome
481244,21428,Checkout,570.25,Desktop,Firefox
448897,41964,Checkout,570.25,Mobile,Safari
692846,48428,Home,570.25,Mobile,Safari
721419,38953,Cart,570.25,Desktop,Chrome
646100,28169,Product Page,570.25,Tablet,Firefox
532416,67708,Cart,570.25,Tablet,Safari
196076,54811,Cart,570.25,Desktop,Firefox
139492,41227,Checkout,570.25,Mobile,Chrome
376481,73890,Checkout,570.25,Mobile,Safari
539593,66592,Support,570.25,Tablet,Safari
523808,87178,Cart,570.25,Desktop,Firefox
502409,23963,Checkout,570.25,Mobile,Safari
374901,48921,Product Page,570.25,Mobile,Chrome
860827,68234,Support,570.25,Desktop,Firefox
467520,63324,Product Page,570.25,Desktop,Edge
310400,33460,Cart,570.25,Mobile,Chrome
272226,24128,Checkout,570.25,Desktop,Chrome
626499,91118,Cart,570.25,Desktop,Edge
962545,20714,Checkout,570.25,Desktop,Edge
649784,70295,Product Page,570.25,Mobile,Edge
547772,27896,Cart,570.25,Tablet,Firefox
390803,32565,Checkout,570.25,Desktop,Firefox
556545,40120,Cart,570.25,Desktop,Firefox
141099,98053,Product Page,570.25,Mobile,Edge
152908,29696,Cart,570.25,Mobile,Firefox
646964,12483,Support,570.25,Mobile,Edge
968847,41847,Home,570.25,Desktop,Firefox
392044,92364,Checkout,570.25,Tablet,Chrome
500016,44102,Support,570.25,Desktop,Chrome
942866,67381,Home,570.25,Mobile,Safari
771939,30556,Cart,570.25,Tablet,Firefox
742392,83478,Home,570.25,Desktop,Edge
983432,92652,Cart,570.25,Mobile,Chrome
133053,98261,Cart,570.25,Tablet,Chrome
478233,58502,Product Page,570.25,Tablet,Chrome
374285,46706,Home,570.25,Desktop,Chrome
435197,34075,Checkout,570.25,Desktop,Edge
948189,66406,Home,570.25,Tablet,Safari
109916,57132,Cart,570.25,Tablet,Firefox
983143,57092,Product Page,570.25,Tablet,Safari
570157,91342,Home,570.25,Mobile,Edge
520029,77630,Product Page,570.25,Tablet,Firefox
665517,34911,Checkout,570.25,Desktop,Chrome
745213,64857,Support,570.25,Tablet,Edge
264312,99640,Product Page,570.25,Tablet,Safari
279747,83419,Home,570.25,Mobile,Safari
118666,94159,Home,570.25,Desktop,Chrome
445836,53167,Product Page,570.25,Desktop,Edge
612509,72890,Support,570.25,Tablet,Safari
798733,36992,Product Page,570.25,Tablet,Chrome
808572,18389,Home,570.25,Mobile,Firefox
535205,67714,Checkout,570.25,Tablet,Safari
712632,78403,Support,570.25,Mobile,Chrome
631636,44155,Checkout,570.25,Mobile,Safari
925837,13274,Checkout,570.25,Mobile,Firefox
651720,86128,Home,570.25,Desktop,Firefox
671132,12540,Checkout,570.25,Mobile,Chrome
405973,21721,Cart,570.25,Mobile,Safari
327561,28789,Checkout,570.25,Mobile,Firefox
940743,38214,Support,570.25,Desktop,Chrome
173246,89221,Cart,570.25,Mobile,Firefox
446775,98191,Product Page,570.25,Desktop,Firefox
766725,96070,Cart,570.25,Mobile,Safari
291383,31000,Product Page,570.25,Desktop,Firefox
921347,15583,Product Page,570.25,Mobile,Edge
536433,27768,Cart,570.25,Tablet,Chrome
270764,76264,Product Page,570.25,Desktop,Safari
659933,72175,Home,570.25,Tablet,Firefox
120815,57811,Product Page,570.25,Desktop,Chrome
213603,50404,Cart,570.25,Tablet,Edge
527435,77996,Support,570.25,Tablet,Edge
265912,47012,Checkout,570.25,Desktop,Edge
922790,10089,Home,570.25,Mobile,Firefox
724410,35586,Cart,570.25,Desktop,Firefox
730985,91296,Support,570.25,Mobile,Edge
158728,37030,Checkout,570.25,Mobile,Chrome
359737,55876,Cart,570.25,Tablet,Chrome
299436,42136,Support,570.25,Desktop,Safari
971095,66450,Checkout,570.25,Tablet,Firefox
674508,71040,Cart,570.25,Desktop,Firefox
669764,68852,Support,570.25,Mobile,Safari
136307,70764,Cart,570.25,Mobile,Firefox
726491,64184,Support,570.25,Desktop,Chrome
145224,66789,Support,570.25,Desktop,Edge
135866,98148,Product Page,570.25,Tablet,Chrome
524271,42100,Home,570.25,Tablet,Firefox
241292,36145,Cart,570.25,Desktop,Edge
223253,36538,Home,570.25,Tablet,Edge
229490,98594,Checkout,570.25,Desktop,Chrome
239956,17964,Checkout,570.25,Tablet,Safari
149128,88832,Cart,570.25,Desktop,Firefox
245600,25089,Product Page,570.25,Desktop,Chrome
660489,57008,Home,570.25,Tablet,Chrome
550981,45012,Cart,570.25,Tablet,Edge
459960,64973,Support,570.25,Tablet,Firefox
773326,31681,Product Page,570.25,Desktop,Edge
772610,36933,Support,570.25,Desktop,Safari
607397,36239,Cart,570.25,Mobile,Safari
840099,95720,Product Page,570.25,Mobile,Safari
747028,85225,Checkout,570.25,Tablet,Chrome
284914,65744,Cart,570.25,Tablet,Edge
785970,57695,Product Page,570.25,Desktop,Edge
231852,21552,Home,570.25,Desktop,Safari
375537,65873,Cart,570.25,Mobile,Edge
323543,21748,Checkout,570.25,Mobile,Firefox
319321,27267,Cart,570.25,Tablet,Chrome
709342,33094,Cart,570.25,Desktop,Firefox
639914,11722,Home,570.25,Mobile,Chrome
483005,86886,Home,570.25,Desktop,Chrome
523442,82700,Checkout,570.25,Desktop,Edge
142450,70917,Home,570.25,Desktop,Safari
454042,36726,Checkout,570.25,Desktop,Safari
663382,37173,Support,570.25,Mobile,Safari
113685,98613,Home,570.25,Desktop,Edge
117120,82638,Home,570.25,Mobile,Edge
924532,67244,Checkout,570.25,Desktop,Firefox
358623,94075,Support,570.25,Tablet,Safari
646607,97538,Product Page,570.25,Desktop,Firefox
114358,31478,Product Page,570.25,Mobile,Edge
188751,57006,Product Page,570.25,Mobile,Edge
680114,32548,Checkout,570.25,Desktop,Safari
639648,54053,Cart,570.25,Tablet,Edge
194661,42812,Cart,570.25,Tablet,Safari
204487,56163,Checkout,570.25,Desktop,Firefox
143019,22843,Support,570.25,Tablet,Chrome
674866,36160,Home,570.25,Tablet,Edge
460770,50230,Support,570.25,Tablet,Edge
340151,97077,Checkout,570.25,Desktop,Edge
886339,39685,Home,570.25,Desktop,Chrome
396288,73934,Support,570.25,Desktop,Safari
167317,82339,Home,570.25,Mobile,Edge
854043,69068,Cart,570.25,Desktop,Safari
246051,64980,Cart,570.25,Desktop,Safari
508873,77562,Home,570.25,Mobile,Chrome
203866,26169,Cart,570.25,Mobile,Chrome
551167,18336,Checkout,570.25,Mobile,Edge
142012,37287,Product Page,570.25,Tablet,Chrome
867488,29427,Support,570.25,Tablet,Safari
809258,28108,Product Page,570.25,Tablet,Chrome
438230,33304,Product Page,570.25,Desktop,Safari
477918,16495,Product Page,570.25,Mobile,Edge
320266,52153,Checkout,570.25,Desktop,Safari
757747,34027,Home,570.25,Tablet,Firefox
772007,19789,Cart,570.25,Tablet,Chrome
615856,14207,Home,570.25,Tablet,Safari
297228,13999,Cart,570.25,Mobile,Firefox
309604,82061,Checkout,570.25,Tablet,Safari
914447,57417,Product Page,570.25,Tablet,Edge
466712,12038,Checkout,570.25,Mobile,Safari
394368,52921,Cart,570.25,Mobile,Safari
938255,91065,Support,570.25,Mobile,Edge
761498,86527,Home,570.25,Desktop,Edge
221335,18066,Cart,570.25,Mobile,Edge
917664,67992,Support,570.25,Mobile,Edge
535312,33835,Cart,570.25,Mobile,Safari
754807,39760,Support,570.25,Desktop,Safari
779544,20060,Home,570.25,Tablet,Chrome
528886,74451,Support,570.25,Mobile,Safari
220620,73394,Home,570.25,Tablet,Firefox
839168,68371,Home,570.25,Mobile,Safari
293315,46078,Cart,570.25,Tablet,Chrome
703713,64554,Home,570.25,Desktop,Edge
320092,77007,Product Page,570.25,Mobile,Safari
776148,97037,Home,570.25,Tablet,Firefox
100299,89198,Product Page,570.25,Desktop,Chrome
724115,17615,Home,570.25,Tablet,Edge
609218,50840,Cart,570.25,Mobile,Safari
358724,41479,Cart,570.25,Desktop,Chrome
177691,91836,Support,570.25,Tablet,Safari
362987,38327,Support,570.25,Tablet,Chrome
674200,21548,Cart,570.25,Tablet,Edge
540873,99924,Support,570.25,Mobile,Firefox
957796,42161,Support,570.25,Desktop,Safari
458529,30313,Checkout,570.25,Tablet,Chrome
173094,57880,Cart,570.25,Mobile,Chrome
989717,58441,Product Page,570.25,Mobile,Safari
334482,43612,Home,570.25,Tablet,Edge
435438,62595,Product Page,570.25,Mobile,Chrome
352347,21862,Checkout,570.25,Tablet,Chrome
945918,72874,Support,570.25,Tablet,Safari
702880,46243,Cart,570.25,Desktop,Edge
449272,55495,Home,570.25,Tablet,Edge
918146,72747,Support,570.25,Mobile,Chrome
446167,58829,Cart,570.25,Mobile,Chrome
614591,72899,Home,570.25,Mobile,Edge
811646,38230,Home,570.25,Desktop,Edge
955236,79946,Home,570.25,Tablet,Chrome
488765,80518,Home,570.25,Tablet,Safari
433286,96827,Support,570.25,Desktop,Safari
641881,13893,Cart,570.25,Mobile,Firefox
832846,33740,Product Page,570.25,Tablet,Firefox
778498,87824,Support,570.25,Mobile,Edge
795455,95003,Cart,570.25,Desktop,Safari
391308,24554,Checkout,570.25,Desktop,Firefox
195419,80653,Cart,570.25,Tablet,Safari
774985,86070,Checkout,570.25,Desktop,Firefox
235757,55834,Cart,570.25,Mobile,Chrome
461862,11140,Checkout,570.25,Mobile,Edge
145509,52915,Product Page,570.25,Tablet,Edge
119316,43170,Cart,570.25,Desktop,Edge
522731,10454,Home,570.25,Desktop,Safari
172487,81332,Home,570.25,Desktop,Firefox
888323,33191,Product Page,570.25,Mobile,Safari
663442,47859,Home,570.25,Desktop,Firefox
491343,29185,Home,570.25,Tablet,Edge
387815,90298,Cart,570.25,Mobile,Chrome
797015,61810,Checkout,570.25,Tablet,Edge
565605,84984,Product Page,570.25,Tablet,Firefox
660925,31644,Support,570.25,Mobile,Chrome
636336,11461,Support,570.25,Tablet,Chrome
877053,87026,Cart,570.25,Mobile,Firefox
859175,45407,Product Page,570.25,Mobile,Safari
535089,53991,Checkout,570.25,Tablet,Firefox
913496,57296,Product Page,570.25,Tablet,Firefox
273499,10894,Product Page,570.25,Mobile,Chrome
972206,63216,Product Page,570.25,Tablet,Chrome
351060,88695,Support,570.25,Tablet,Firefox
951642,44058,Cart,570.25,Desktop,Safari
391713,95999,Product Page,570.25,Desktop,Edge
235597,73281,Checkout,570.25,Mobile,Firefox
180279,78711,Product Page,570.25,Mobile,Edge
516524,30559,Checkout,570.25,Tablet,Firefox
975904,80821,Product Page,570.25,Desktop,Firefox
378329,38279,Checkout,570.25,Desktop,Safari
768716,57458,Cart,570.25,Mobile,Edge
482105,17578,Support,570.25,Mobile,Edge
101701,11462,Checkout,570.25,Mobile,Firefox
564757,54174,Cart,570.25,Tablet,Chrome
593902,28038,Checkout,570.25,Mobile,Edge
503465,68877,Checkout,570.25,Tablet,Edge
220572,77303,Support,570.25,Desktop,Safari
459486,89639,Product Page,570.25,Tablet,Chrome
362207,54164,Cart,570.25,Desktop,Chrome
636241,81140,Home,570.25,Tablet,Safari
782273,32340,Cart,570.25,Mobile,Safari
589872,49963,Checkout,570.25,Desktop,Chrome
333219,58074,Checkout,570.25,Desktop,Chrome
213889,74249,Cart,570.25,Desktop,Chrome
764694,39695,Product Page,570.25,Tablet,Firefox
172057,94252,Cart,570.25,Mobile,Edge
607765,61844,Cart,570.25,Mobile,Firefox
646528,67997,Product Page,570.25,Mobile,Chrome
876246,98698,Product Page,570.25,Mobile,Safari
112273,97302,Support,570.25,Desktop,Safari
824487,70682,Cart,570.25,Mobile,Safari
451000,90364,Cart,570.25,Tablet,Safari
505792,81872,Product Page,570.25,Desktop,Safari
196220,35365,Home,570.25,Desktop,Chrome
318999,56383,Checkout,570.25,Desktop,Firefox
237371,94574,Checkout,570.25,Desktop,Safari
686211,32688,Home,570.25,Mobile,Chrome
202798,31002,Home,570.25,Mobile,Chrome
402727,38665,Support,570.25,Desktop,Firefox
623920,43168,Support,570.25,Tablet,Safari
361181,20146,Product Page,570.25,Desktop,Firefox
950189,63676,Checkout,570.25,Desktop,Safari
316847,40020,Home,570.25,Mobile,Edge
610396,13985,Cart,570.25,Tablet,Safari
161922,81910,Product Page,570.25,Mobile,Safari
785157,49202,Home,570.25,Tablet,Safari
909442,13231,Cart,570.25,Tablet,Edge
587771,75917,Product Page,570.25,Tablet,Chrome
353168,99348,Support,570.25,Tablet,Firefox
276737,26157,Cart,570.25,Mobile,Chrome
752952,28320,Home,570.25,Tablet,Edge
798494,34511,Support,570.25,Tablet,Firefox
587375,35806,Product Page,570.25,Desktop,Chrome
896381,94764,Home,570.25,Tablet,Edge
401955,28352,Home,570.25,Mobile,Firefox
858582,98167,Support,570.25,Mobile,Safari
160244,78452,Cart,570.25,Mobile,Firefox
470915,53295,Checkout,570.25,Desktop,Chrome
554052,53291,Cart,570.25,Mobile,Chrome
792058,63899,Checkout,570.25,Tablet,Firefox
599575,48393,Product Page,570.25,Desktop,Safari
930063,61075,Product Page,570.25,Desktop,Safari
629010,38100,Home,570.25,Desktop,Chrome
529005,40312,Home,570.25,Tablet,Firefox
928629,21611,Checkout,570.25,Tablet,Chrome
724508,88819,Checkout,570.25,Mobile,Firefox
121501,69550,Checkout,570.25,Desktop,Safari
890878,64105,Checkout,570.25,Tablet,Safari
434717,23883,Checkout,570.25,Mobile,Edge
968609,29262,Checkout,570.25,Tablet,Firefox
816962,71005,Support,570.25,Mobile,Firefox
753664,19059,Product Page,570.25,Mobile,Edge
891515,18003,Support,570.25,Tablet,Edge
844562,95501,Support,570.25,Tablet,Edge
791020,49364,Checkout,570.25,Tablet,Safari
244026,17131,Product Page,570.25,Tablet,Edge
917692,81284,Checkout,570.25,Desktop,Firefox
834839,32588,Support,570.25,Mobile,Edge
527930,10907,Support,570.25,Desktop,Safari
738676,77373,Checkout,570.25,Tablet,Firefox
166283,90697,Product Page,570.25,Tablet,Safari
531054,55740,Home,570.25,Mobile,Firefox
445488,76606,Product Page,570.25,Desktop,Chrome
354818,15546,Cart,570.25,Mobile,Chrome
179240,76505,Checkout,570.25,Tablet,Chrome
152986,15619,Product Page,570.25,Desktop,Safari
921932,61379,Product Page,570.25,Mobile,Edge
854128,54001,Home,570.25,Tablet,Edge
116640,11026,Product Page,570.25,Tablet,Safari
976775,89941,Support,570.25,Tablet,Firefox
978855,80267,Support,570.25,Mobile,Edge
347096,18058,Product Page,570.25,Desktop,Chrome
169078,11293,Home,570.25,Mobile,Safari
461487,19199,Support,570.25,Tablet,Firefox
496362,93346,Checkout,570.25,Mobile,Edge
965268,54647,Checkout,570.25,Desktop,Chrome
989786,96847,Checkout,570.25,Mobile,Edge
183803,93106,Support,570.25,Mobile,Edge
549575,69067,Cart,570.25,Desktop,Edge
378220,84707,Product Page,570.25,Tablet,Safari
393332,35257,Cart,570.25,Tablet,Safari
461976,57524,Product Page,570.25,Tablet,Firefox
579127,54536,Cart,570.25,Mobile,Chrome
124187,82296,Support,570.25,Tablet,Edge
916216,27142,Checkout,570.25,Desktop,Firefox
686970,54709,Support,570.25,Tablet,Firefox
901360,76830,Support,570.25,Tablet,Safari
455819,82127,Checkout,570.25,Mobile,Firefox
259969,84132,Product Page,570.25,Tablet,Chrome
396554,36618,Checkout,570.25,Tablet,Chrome
796845,23829,Support,570.25,Tablet,Firefox
491877,70682,Cart,570.25,Tablet,Edge
725302,27796,Cart,570.25,Tablet,Safari
680367,86032,Cart,570.25,Desktop,Edge
196235,28322,Checkout,570.25,Mobile,Firefox
276356,23326,Checkout,570.25,Tablet,Safari
815805,26171,Support,570.25,Mobile,Firefox
337121,19617,Checkout,570.25,Mobile,Chrome
454119,56455,Cart,570.25,Mobile,Edge
544668,41472,Support,570.25,Tablet,Safari
988432,89212,Cart,570.25,Tablet,Edge
671842,87749,Home,570.25,Desktop,Safari
312814,20814,Home,570.25,Mobile,Safari
154465,85750,Checkout,570.25,Mobile,Chrome
959123,50772,Home,570.25,Mobile,Chrome
763379,32390,Product Page,570.25,Tablet,Safari
106290,32099,Support,570.25,Mobile,Edge
231969,75738,Checkout,570.25,Desktop,Edge
790861,26680,Cart,570.25,Tablet,Safari
442839,20147,Home,570.25,Mobile,Edge
582078,27406,Support,570.25,Tablet,Edge
979963,28019,Home,570.25,Tablet,Chrome
221067,37817,Home,570.25,Mobile,Edge
337223,48823,Product Page,570.25,Mobile,Firefox
426097,92165,Home,570.25,Tablet,Edge
878305,61725,Checkout,570.25,Mobile,Chrome
697697,18308,Cart,570.25,Desktop,Firefox
806682,18926,Cart,570.25,Mobile,Edge
878294,41482,Support,570.25,Tablet,Safari
447802,45569,Checkout,570.25,Mobile,Chrome
306801,49020,Support,570.25,Mobile,Firefox
210923,85917,Product Page,570.25,Tablet,Firefox
812926,73491,Support,570.25,Mobile,Firefox
962209,58195,Product Page,570.25,Mobile,Edge
737656,34071,Cart,570.25,Tablet,Firefox
700328,80415,Checkout,570.25,Mobile,Firefox
253815,20715,Product Page,570.25,Mobile,Chrome
908915,48739,Home,570.25,Tablet,Firefox
471934,58961,Home,570.25,Mobile,Edge
758246,87706,Checkout,570.25,Mobile,Edge
342138,60121,Home,570.25,Tablet,Edge
990996,67826,Home,570.25,Tablet,Chrome
626351,16857,Home,570.25,Tablet,Safari
807623,21124,Home,570.25,Tablet,Chrome
531480,80279,Home,570.25,Tablet,Firefox
144067,92482,Home,570.25,Tablet,Firefox
822132,73246,Cart,570.25,Desktop,Safari
433889,40544,Support,570.25,Mobile,Edge
170017,43656,Cart,570.25,Desktop,Safari
859078,76900,Product Page,570.25,Tablet,Chrome
773467,62545,Product Page,570.25,Desktop,Edge
457065,88422,Product Page,570.25,Mobile,Safari
442410,88532,Checkout,570.25,Mobile,Firefox
196228,72358,Product Page,570.25,Tablet,Chrome
834173,55072,Product Page,570.25,Tablet,Safari
600441,39365,Home,570.25,Mobile,Edge
324052,45880,Home,570.25,Tablet,Safari
964788,66916,Product Page,570.25,Desktop,Edge
599706,32217,Checkout,570.25,Desktop,Firefox
701966,15277,Support,570.25,Mobile,Safari
143164,86280,Cart,570.25,Desktop,Safari
927195,68883,Checkout,570.25,Desktop,Edge
149324,93272,Cart,570.25,Tablet,Safari
212542,11823,Home,570.25,Tablet,Safari
234881,58091,Home,570.25,Mobile,Edge
197702,87381,Product Page,570.25,Desktop,Chrome
990476,74088,Checkout,570.25,Mobile,Safari
984554,73239,Home,570.25,Tablet,Edge
309862,15966,Product Page,570.25,Tablet,Edge
710673,42489,Checkout,570.25,Tablet,Edge
278298,71455,Cart,570.25,Desktop,Firefox
954678,24057,Checkout,570.25,Mobile,Safari
803955,46988,Checkout,570.25,Tablet,Edge
333560,84724,Checkout,570.25,Tablet,Edge
449878,68490,Support,570.25,Mobile,Chrome
430407,91677,Cart,570.25,Tablet,Chrome
932647,90263,Product Page,570.25,Tablet,Firefox
171617,85226,Checkout,570.25,Mobile,Firefox
963137,35232,Product Page,570.25,Desktop,Edge
794600,18126,Cart,570.25,Desktop,Firefox
769515,85847,Cart,570.25,Desktop,Safari
173619,33069,Home,570.25,Mobile,Safari
143052,25417,Home,570.25,Tablet,Safari
831535,55966,Product Page,570.25,Tablet,Edge
229017,74578,Checkout,570.25,Mobile,Firefox
867603,91100,Cart,570.25,Mobile,Firefox
940486,39301,Support,570.25,Mobile,Safari
800802,48196,Product Page,570.25,Desktop,Firefox
930342,49982,Home,570.25,Tablet,Edge
122371,26210,Home,570.25,Desktop,Chrome
712515,19248,Cart,570.25,Mobile,Firefox
698387,14844,Home,570.25,Tablet,Safari
184933,49334,Checkout,570.25,Tablet,Edge
543563,25491,Support,570.25,Mobile,Edge
699771,54328,Product Page,570.25,Desktop,Chrome
184345,42670,Support,570.25,Mobile,Firefox
762019,48085,Checkout,570.25,Desktop,Chrome
754704,18853,Home,570.25,Mobile,Safari
425332,89962,Cart,570.25,Mobile,Edge
626166,82094,Checkout,570.25,Desktop,Edge
465796,60464,Support,570.25,Mobile,Chrome
866131,48598,Product Page,570.25,Desktop,Firefox
705599,94149,Home,570.25,Mobile,Firefox
530769,26955,Home,570.25,Tablet,Firefox
863145,66269,Checkout,570.25,Tablet,Edge
593504,43301,Cart,570.25,Mobile,Firefox
122079,70529,Product Page,570.25,Tablet,Firefox
323190,70886,Cart,570.25,Mobile,Chrome
935925,78208,Product Page,570.25,Mobile,Firefox
235564,63098,Support,570.25,Mobile,Safari
984790,78796,Checkout,570.25,Tablet,Chrome
181373,19859,Product Page,570.25,Tablet,Edge
692824,97301,Checkout,570.25,Mobile,Firefox
492768,78965,Checkout,570.25,Desktop,Chrome
197318,47373,Support,570.25,Tablet,Chrome
225075,72998,Support,570.25,Tablet,Safari
499036,76725,Support,570.25,Tablet,Firefox
745212,23329,Cart,570.25,Desktop,Edge
197315,87668,Cart,570.25,Desktop,Safari
598032,33195,Support,570.25,Desktop,Chrome
405476,55307,Product Page,570.25,Mobile,Safari
187796,12646,Product Page,570.25,Tablet,Safari
296694,96382,Product Page,570.25,Tablet,Edge
925350,10013,Home,570.25,Desktop,Firefox
125811,11342,Home,570.25,Tablet,Edge
947880,96184,Product Page,570.25,Desktop,Safari
381043,63859,Home,570.25,Desktop,Edge
467192,18112,Checkout,570.25,Tablet,Chrome
608652,43797,Home,570.25,Mobile,Chrome
245974,68454,Cart,570.25,Mobile,Edge
950995,40087,Checkout,570.25,Desktop,Edge
754679,86421,Product Page,570.25,Tablet,Firefox
867566,90933,Support,570.25,Desktop,Safari
194122,47390,Support,570.25,Tablet,Edge
973015,48526,Support,570.25,Mobile,Safari
643530,34125,Cart,570.25,Tablet,Safari
338804,44271,Cart,570.25,Desktop,Firefox
332383,54956,Support,570.25,Desktop,Chrome
510736,60220,Product Page,570.25,Mobile,Edge
877126,17250,Home,570.25,Tablet,Edge
884262,17698,Support,570.25,Mobile,Safari
294085,42600,Cart,570.25,Mobile,Edge
327925,38045,Product Page,570.25,Tablet,Chrome
870073,15856,Product Page,570.25,Desktop,Safari
130855,41768,Home,570.25,Desktop,Chrome
346311,30744,Home,570.25,Desktop,Safari
567564,92697,Support,570.25,Tablet,Chrome
374415,93542,Home,570.25,Desktop,Edge
856793,65912,Checkout,570.25,Mobile,Safari
697679,15234,Product Page,570.25,Tablet,Firefox
541185,67693,Support,570.25,Desktop,Edge
848098,85687,Cart,570.25,Mobile,Safari
642362,80705,Cart,570.25,Mobile,Safari
651177,74343,Cart,570.25,Mobile,Firefox
988316,99364,Cart,570.25,Tablet,Chrome
989536,11420,Product Page,570.25,Tablet,Edge
730927,98175,Checkout,570.25,Mobile,Chrome
504275,70723,Home,570.25,Desktop,Chrome
826924,32062,Home,570.25,Desktop,Safari
545315,14982,Home,570.25,Desktop,Firefox
148966,89339,Home,570.25,Tablet,Edge
990101,87518,Home,570.25,Tablet,Safari
701806,99188,Support,570.25,Desktop,Edge
467540,47974,Home,570.25,Mobile,Firefox
992036,59913,Cart,570.25,Desktop,Edge
647426,80684,Cart,570.25,Mobile,Chrome
784001,23176,Cart,570.25,Tablet,Safari
245673,83520,Home,570.25,Tablet,Chrome
188192,75192,Support,570.25,Tablet,Firefox
487012,51120,Home,570.25,Desktop,Edge
467919,15420,Home,570.25,Tablet,Edge
395373,96245,Support,570.25,Desktop,Edge
423004,43785,Support,570.25,Tablet,Edge
932068,89658,Cart,570.25,Desktop,Chrome
360802,33276,Checkout,570.25,Tablet,Safari
193911,57604,Home,570.25,Tablet,Chrome
993135,27337,Product Page,570.25,Desktop,Edge
379086,79876,Product Page,570.25,Tablet,Firefox
735526,28242,Support,570.25,Tablet,Edge
670378,25960,Product Page,570.25,Desktop,Edge
803732,79783,Checkout,570.25,Mobile,Safari
113339,35187,Home,570.25,Mobile,Edge
724763,69212,Support,570.25,Desktop,Firefox
842505,57386,Checkout,570.25,Tablet,Edge
136947,22720,Cart,570.25,Mobile,Safari
221248,63407,Cart,570.25,Mobile,Chrome
894039,27415,Cart,570.25,Mobile,Safari
783805,60507,Home,570.25,Tablet,Edge
262254,46847,Cart,570.25,Mobile,Safari
585327,34405,Cart,570.25,Mobile,Chrome
242809,78824,Checkout,570.25,Desktop,Edge
260621,59347,Product Page,570.25,Mobile,Safari
389103,13650,Checkout,570.25,Desktop,Edge
468461,97240,Cart,570.25,Mobile,Firefox
308597,84388,Support,570.25,Tablet,Edge
148807,99013,Cart,570.25,Mobile,Safari
960319,66374,Support,570.25,Desktop,Firefox
393112,57683,Product Page,570.25,Desktop,Chrome
108210,93655,Product Page,570.25,Desktop,Safari
673142,26753,Cart,570.25,Desktop,Firefox
806762,48951,Product Page,570.25,Desktop,Edge
467984,14389,Checkout,570.25,Mobile,Chrome
262791,79266,Support,570.25,Desktop,Chrome
846120,80527,Home,570.25,Desktop,Firefox
693516,90244,Checkout,570.25,Mobile,Edge
680984,32693,Support,570.25,Mobile,Edge
545171,29047,Home,570.25,Tablet,Firefox
413312,47177,Home,570.25,Desktop,Edge
136656,78824,Cart,570.25,Desktop,Edge
613571,85701,Home,570.25,Mobile,Chrome
504693,45073,Cart,570.25,Mobile,Chrome
903930,93709,Home,570.25,Tablet,Edge
857720,74833,Product Page,570.25,Desktop,Chrome
123004,68837,Checkout,570.25,Desktop,Safari
371100,18585,Product Page,570.25,Desktop,Firefox
295851,50814,Home,570.25,Tablet,Edge
693381,82852,Support,570.25,Tablet,Edge
734165,77084,Support,570.25,Tablet,Chrome
131450,25750,Product Page,570.25,Desktop,Edge
440072,81944,Support,570.25,Tablet,Edge
790491,80796,Home,570.25,Desktop,Safari
277880,13399,Support,570.25,Desktop,Safari
339371,33146,Support,570.25,Mobile,Chrome
843437,81721,Checkout,570.25,Desktop,Edge
264817,17150,Cart,570.25,Mobile,Chrome
769162,31030,Checkout,570.25,Tablet,Firefox
169872,74073,Product Page,570.25,Tablet,Safari
336820,16394,Cart,570.25,Desktop,Edge
606016,55111,Support,570.25,Desktop,Chrome
388936,97081,Home,570.25,Desktop,Firefox
147017,13863,Home,570.25,Mobile,Edge
657322,49755,Home,570.25,Desktop,Edge
296056,98088,Cart,570.25,Desktop,Chrome
203614,23388,Support,570.25,Mobile,Chrome
773681,75913,Product Page,570.25,Mobile,Safari
757100,77651,Home,570.25,Mobile,Chrome
433970,10104,Support,570.25,Tablet,Edge
391082,90305,Support,570.25,Tablet,Edge
970118,75047,Cart,570.25,Tablet,Chrome
355336,11839,Support,570.25,Mobile,Chrome
480619,17978,Product Page,570.25,Tablet,Edge
508134,70885,Product Page,570.25,Mobile,Chrome
958361,20883,Support,570.25,Tablet,Firefox
992379,66771,Support,570.25,Desktop,Chrome
181573,76953,Support,570.25,Mobile,Edge
202904,86289,Home,570.25,Tablet,Chrome
337158,84853,Product Page,570.25,Desktop,Firefox
487826,25667,Support,570.25,Desktop,Safari
561177,22894,Product Page,570.25,Desktop,Chrome
376084,31722,Product Page,570.25,Desktop,Safari
372217,89084,Checkout,570.25,Mobile,Edge
989764,81146,Support,570.25,Tablet,Safari
392283,92439,Support,570.25,Desktop,Chrome
894146,33307,Product Page,570.25,Desktop,Firefox
889090,33305,Checkout,570.25,Mobile,Firefox
457914,23133,Home,570.25,Tablet,Edge
857360,72509,Cart,570.25,Mobile,Safari
207705,48421,Home,570.25,Desktop,Chrome
264821,72420,Checkout,570.25,Mobile,Edge
547863,77010,Checkout,570.25,Desktop,Firefox
554123,73284,Checkout,570.25,Desktop,Firefox
983097,97559,Checkout,570.25,Desktop,Safari
941986,22190,Support,570.25,Desktop,Safari
541705,62570,Cart,570.25,Mobile,Safari
503613,49192,Cart,570.25,Desktop,Chrome
340539,86309,Checkout,570.25,Mobile,Firefox
978334,32770,Product Page,570.25,Mobile,Firefox
267679,37656,Support,570.25,Mobile,Edge
220264,98992,Support,570.25,Tablet,Firefox
333497,18142,Home,570.25,Desktop,Safari
933205,72936,Cart,570.25,Desktop,Firefox
823761,76684,Product Page,570.25,Tablet,Edge
184457,11473,Product Page,570.25,Mobile,Chrome
818267,39964,Support,570.25,Mobile,Edge
327571,63219,Checkout,570.25,Desktop,Edge
227482,68272,Product Page,570.25,Tablet,Firefox
145232,49345,Support,570.25,Tablet,Safari
337580,49444,Home,570.25,Desktop,Edge
900385,93726,Product Page,570.25,Tablet,Chrome
854254,60597,Support,570.25,Tablet,Firefox
622030,18580,Product Page,570.25,Mobile,Edge
737322,48956,Cart,570.25,Mobile,Firefox
883914,48220,Home,570.25,Tablet,Edge
847238,18281,Home,570.25,Mobile,Edge
201093,60639,Checkout,570.25,Desktop,Chrome
896276,46865,Cart,570.25,Mobile,Chrome
187403,87119,Cart,570.25,Tablet,Edge
780241,11787,Cart,570.25,Desktop,Safari
476827,93916,Checkout,570.25,Mobile,Chrome
453077,68880,Cart,570.25,Tablet,Firefox
369564,64698,Cart,570.25,Desktop,Chrome
293313,55410,Checkout,570.25,Mobile,Safari
278141,89124,Checkout,570.25,Tablet,Chrome
730188,82468,Product Page,570.25,Mobile,Safari
972174,43344,Support,570.25,Mobile,Safari
607179,31164,Support,570.25,Mobile,Edge
552796,56587,Checkout,570.25,Tablet,Chrome
708015,70297,Product Page,570.25,Tablet,Firefox
755142,20569,Product Page,570.25,Tablet,Edge
610853,51423,Home,570.25,Desktop,Chrome
441882,38844,Cart,570.25,Desktop,Firefox
295955,88940,Support,570.25,Desktop,Edge
471089,39595,Cart,570.25,Mobile,Edge
393756,65147,Checkout,570.25,Mobile,Chrome
603531,37403,Product Page,570.25,Desktop,Edge
681128,25958,Product Page,570.25,Tablet,Firefox
192028,75832,Support,570.25,Tablet,Chrome
596866,98647,Home,570.25,Mobile,Firefox
763768,52439,Product Page,570.25,Tablet,Firefox
698110,49516,Checkout,570.25,Desktop,Safari
771344,39202,Home,570.25,Desktop,Firefox
860344,18314,Checkout,570.25,Desktop,Chrome
642663,63944,Cart,570.25,Desktop,Edge
928912,90850,Product Page,570.25,Mobile,Chrome
790038,11711,Support,570.25,Desktop,Safari
260165,17317,Support,570.25,Mobile,Safari
145661,84048,Cart,570.25,Mobile,Chrome
208561,62592,Cart,570.25,Tablet,Safari
501864,22361,Support,570.25,Tablet,Safari
732007,40338,Checkout,570.25,Desktop,Chrome
934867,49823,Support,570.25,Mobile,Safari
371865,76995,Product Page,570.25,Mobile,Edge
185378,49916,Product Page,570.25,Tablet,Edge
817410,85855,Support,570.25,Mobile,Chrome
439820,37265,Cart,570.25,Desktop,Safari
401925,44261,Support,570.25,Mobile,Edge
352940,39627,Home,570.25,Desktop,Chrome
445028,98802,Checkout,570.25,Desktop,Safari
336097,12995,Cart,570.25,Tablet,Firefox
327625,60229,Product Page,570.25,Mobile,Chrome
632115,67601,Support,570.25,Mobile,Safari
859391,80289,Product Page,570.25,Tablet,Chrome
786954,35416,Product Page,570.25,Desktop,Edge
317027,46237,Home,570.25,Mobile,Firefox
123479,92914,Cart,570.25,Desktop,Firefox
267711,57838,Support,570.25,Tablet,Edge
888108,92225,Home,570.25,Mobile,Safari
951587,88169,Product Page,570.25,Mobile,Safari
479671,96399,Home,570.25,Desktop,Chrome
198283,37701,Home,570.25,Tablet,Chrome
647933,26564,Cart,570.25,Desktop,Chrome
351008,61264,Home,570.25,Mobile,Safari
945750,68467,Product Page,570.25,Tablet,Edge
560026,52168,Cart,570.25,Tablet,Edge
340585,10326,Checkout,570.25,Mobile,Firefox
343622,36108,Checkout,570.25,Desktop,Edge
645345,46440,Home,570.25,Tablet,Edge
249490,18077,Cart,570.25,Desktop,Chrome
126682,50194,Home,570.25,Mobile,Safari
612170,97495,Checkout,570.25,Tablet,Safari
308228,81467,Support,570.25,Tablet,Chrome
726018,87448,Product Page,570.25,Tablet,Chrome
845707,49441,Support,570.25,Desktop,Chrome
465461,31885,Cart,570.25,Mobile,Firefox
948072,35509,Home,570.25,Desktop,Chrome
955670,59199,Checkout,570.25,Desktop,Chrome
653265,82096,Product Page,570.25,Desktop,Firefox
196088,92150,Cart,570.25,Tablet,Safari
927859,49258,Home,570.25,Tablet,Safari
966828,25886,Home,570.25,Tablet,Edge
292632,53879,Cart,570.25,Desktop,Edge
853431,14449,Cart,570.25,Desktop,Chrome
810829,57165,Support,570.25,Desktop,Safari
376435,67347,Home,570.25,Mobile,Edge
724712,55635,Home,570.25,Tablet,Edge
587035,23217,Product Page,570.25,Desktop,Chrome
537092,29068,Support,570.25,Desktop,Firefox
522159,65658,Support,570.25,Desktop,Firefox
744473,12092,Checkout,570.25,Tablet,Edge
358150,56186,Cart,570.25,Desktop,Chrome
831598,69346,Cart,570.25,Desktop,Chrome
353648,16168,Checkout,570.25,Mobile,Safari
328930,75638,Support,570.25,Desktop,Edge
757914,55964,Support,570.25,Mobile,Edge
329503,82627,Product Page,570.25,Tablet,Edge
898473,89847,Product Page,570.25,Mobile,Chrome
511153,34162,Support,570.25,Mobile,Edge
682937,21319,Cart,570.25,Mobile,Firefox
860341,99779,Checkout,570.25,Mobile,Firefox
887639,20929,Product Page,570.25,Desktop,Safari
781879,35639,Cart,570.25,Tablet,Edge
918542,68608,Product Page,570.25,Tablet,Chrome
886775,28069,Checkout,570.25,Mobile,Safari
387884,76847,Home,570.25,Tablet,Chrome
209329,11484,Home,570.25,Mobile,Chrome
809442,75962,Checkout,570.25,Desktop,Safari
674166,27229,Checkout,570.25,Mobile,Firefox
783352,37241,Checkout,570.25,Tablet,Chrome
996324,98302,Cart,570.25,Tablet,Firefox
850842,95472,Product Page,570.25,Tablet,Safari
526793,26714,Checkout,570.25,Tablet,Firefox
975996,75181,Home,570.25,Desktop,Safari
292416,81704,Home,570.25,Desktop,Chrome
887960,17589,Checkout,570.25,Tablet,Edge
908190,98487,Support,570.25,Desktop,Firefox
567737,43781,Product Page,570.25,Desktop,Chrome
617538,97014,Product Page,570.25,Desktop,Firefox
726723,95489,Home,570.25,Tablet,Chrome
558153,73185,Product Page,570.25,Tablet,Safari
144355,68863,Cart,570.25,Desktop,Safari
598439,28652,Product Page,570.25,Mobile,Edge
215585,28385,Cart,570.25,Desktop,Safari
314442,20734,Home,570.25,Mobile,Edge
462739,71188,Product Page,570.25,Desktop,Firefox
342119,19607,Cart,570.25,Tablet,Edge
769819,38187,Support,570.25,Desktop,Safari
245419,82005,Cart,570.25,Mobile,Chrome
577440,16906,Product Page,570.25,Desktop,Firefox
848631,99136,Cart,570.25,Mobile,Edge
400474,28084,Home,570.25,Desktop,Chrome
703669,89564,Checkout,570.25,Desktop,Safari
595865,20751,Checkout,570.25,Desktop,Safari
491708,64245,Support,570.25,Desktop,Chrome
925359,41451,Checkout,570.25,Desktop,Chrome
814518,75988,Support,570.25,Tablet,Edge
324932,27919,Checkout,570.25,Mobile,Edge
633565,97215,Product Page,570.25,Mobile,Safari
637403,31764,Home,570.25,Tablet,Firefox
523410,83337,Home,570.25,Desktop,Safari
385562,12573,Checkout,570.25,Desktop,Safari
531051,54006,Home,570.25,Tablet,Chrome
200456,50430,Product Page,570.25,Mobile,Firefox
276840,29264,Cart,570.25,Desktop,Edge
258430,93944,Checkout,570.25,Desktop,Edge
604633,38654,Cart,570.25,Desktop,Edge
213271,77829,Home,570.25,Mobile,Safari
276377,27455,Checkout,570.25,Desktop,Safari
933204,73784,Product Page,570.25,Tablet,Edge
860204,46806,Home,570.25,Mobile,Chrome
137930,59258,Support,570.25,Tablet,Chrome
891990,99229,Cart,570.25,Mobile,Safari
890062,89435,Home,570.25,Tablet,Chrome
280913,27844,Cart,570.25,Tablet,Chrome
550004,17783,Home,570.25,Tablet,Edge
907847,51671,Product Page,570.25,Tablet,Chrome
197308,26018,Product Page,570.25,Tablet,Edge
710013,31058,Cart,570.25,Desktop,Firefox
279282,54443,Product Page,570.25,Desktop,Safari
990147,89440,Cart,570.25,Tablet,Firefox
694200,51664,Product Page,570.25,Mobile,Firefox
981680,26974,Home,570.25,Tablet,Edge
110292,80368,Product Page,570.25,Tablet,Edge
241960,78410,Support,570.25,Mobile,Safari
818060,51335,Cart,570.25,Tablet,Edge
475778,96252,Cart,570.25,Desktop,Firefox
804099,33403,Home,570.25,Desktop,Edge
732219,64798,Cart,570.25,Desktop,Edge
852184,19881,Cart,570.25,Desktop,Chrome
612368,79034,Support,570.25,Desktop,Firefox
167505,11892,Support,570.25,Mobile,Edge
844225,49581,Cart,570.25,Tablet,Chrome
254384,14271,Home,570.25,Desktop,Edge
114084,38158,Home,570.25,Mobile,Edge
571811,70294,Cart,570.25,Tablet,Edge
146270,85419,Checkout,570.25,Desktop,Safari
301715,62194,Home,570.25,Desktop,Safari
736938,55384,Checkout,570.25,Tablet,Safari
354947,76486,Product Page,570.25,Tablet,Edge
878387,14364,Checkout,570.25,Tablet,Chrome
134806,16419,Cart,570.25,Desktop,Safari
920831,54013,Product Page,570.25,Desktop,Firefox
296908,19793,Support,570.25,Mobile,Edge
674111,59222,Home,570.25,Tablet,Edge
885834,13833,Home,570.25,Tablet,Safari
161395,67035,Cart,570.25,Mobile,Firefox
554133,28708,Cart,570.25,Tablet,Safari
712077,18584,Support,570.25,Tablet,Edge
239000,90789,Support,570.25,Tablet,Edge
147069,15216,Home,570.25,Mobile,Chrome
907896,59029,Checkout,570.25,Tablet,Chrome
715022,78786,Support,570.25,Tablet,Firefox
698921,74061,Support,570.25,Tablet,Firefox
902606,70136,Checkout,570.25,Mobile,Chrome
983639,67598,Home,570.25,Tablet,Safari
923473,15483,Cart,570.25,Tablet,Chrome
811186,32432,Support,570.25,Tablet,Firefox
248400,25777,Cart,570.25,Tablet,Safari
387951,33354,Product Page,570.25,Mobile,Edge
538048,12028,Support,570.25,Tablet,Chrome
355746,70849,Checkout,570.25,Desktop,Firefox
150364,11742,Checkout,570.25,Tablet,Edge
308091,46619,Product Page,570.25,Desktop,Firefox
